W/C,W/B,A/C,Cement,Silica fume,Fly ash,Slag,Metakaolin,Filler,Superplasticizer,SAP,SAP size,SAP water uptake,Time,Shrinkage/Swelling
0.33,0.18,1.1,580,45.4,36.3,0,0,0,2,0,100,6,1,-2917.7
0.17,0.168,1.47,864,1.16,0,0,0,0,0.16,0,0,0,1,-2563.1
0.3,0.25,0,1440,20,0,0,0,0,0.8,0,200,20,1,-2404.3
0.25,0.25,0,1762,0,0,0,0,0,0,0,200,13,1,-2360.6
0.33,0.18,1.1,580,45.4,36.3,0,0,0,2,0.3,100,6,1,-2251.5
0.33,0.18,1.1,580,45.4,36.3,0,0,0,2,0.6,100,6,1,-1825.3
0.3,0.25,0,1440,20,0,0,0,0,0,0,107.5,12.5,1,-1823.6
0.28,0.25,0,1567,11.1,0,0,0,0,0,0,200,13,1,-1742.2
0.34,0.28,0,1367,20,0,0,0,0,0,0,107.5,12.5,1,-1697.7
0.23,0.23,0,670,0,0,0,0,0,0.049,0,0,0,1,-1566.9
0.253,0.16,1.35,720,19.4,38.9,0,0,0,3.47,0,0,0,1,-1543.4
0.3,0.25,0,1440,20,0,0,0,0,0.8,0,200,35,1,-1523.1
0.3,0.3,1.24,915,0,0,0,0,0,1,0,0,0,1,-1492.2
0.38,0.31,0,1300,20,0,0,0,0,0,0,107.5,12.5,1,-1430.1
0.325,0.16,1.73,560,25,50,0,0,28.6,4.46,0,0,0,1,-1313.5
0.3,0.3,3.19,545,0,0,0,0,0,5,0,0,0,1,-1229.9
0.225,0.183,1.25,863,25,0,0,0,0,4.3,0,0,0,1,-1201.2
0.23,0.227,0,670,1.49,0,0,0,0,0.05,0,0,0,1,-1177.9
0.24,0.2,0,1030,19.7,0,0,0,23.8,1.44,0,40,21,1,-1066.3
0.3,0.3,0,533,0,0,0,0,0,0,0,0,0,1,-1013.1
0.266,0.182,1.32,750,26.7,0,0,0,20,4.4,0,0,0,1,-994.2
0.35,0.35,1.74,700,0,0,0,0,0,0,0,0,0,1,-991.8
0.333,0.182,1.65,600,33.3,0,0,0,50,5.5,0,0,0,1,-882.4
0.3,0.3,0,533,0,0,0,0,0,0,0,0,0,1,-856.1
0.455,0.16,2.425,400,35,70,0,0,80,6.25,0,0,0,1,-832.1
0.28,0.25,0,1567,11.1,0,0,0,0,0,0.35,200,13,1,-819.4
0.4,0.182,1.98,500,40,0,0,0,80,6.6,0,0,0,1,-763.7
0.24,0.182,1.472,750,15.3,16.6,0,0,0,3.33,0,0,0,1,-723.9
0.19,0.171,1.47,864,10.88,0,0,0,0,2.5,0,0,0,1,-712.6
0.19,0.171,1.47,864,10.88,0,0,0,0,2.5,0,0,0,1,-696.1
0.235,0.2,1.766,770,17.53,0,0,0,0,3,0,0,0,1,-664.3
0.25,0.25,0,1544,0,0,0,0,0,0,0,200,13,1,-662.1
0.24,0.2,0,1030,19.7,0,0,0,23.8,1.44,0.257,40,21,1,-659.3
0.366,0.3,3.9,431,0,22.5,0,0,0,0.9,0,0,0,1,-656.7
0.25,0.25,0,1544,0,0,0,0,0,0,0.46,200,13,1,-647.5
0.37,0.3,3.93,429,0,23.7,0,0,0,0.8,0,0,0,1,-640
0.25,0.25,0,1762,0,0,0,0,0,0,0.35,200,13,1,-634.2
0.3,0.3,0,1632,0,0,0,0,0,0.25,0,0,0,1,-633.4
0.226,0.183,2.15,620,18.4,26.6,0,0,0,5.8,0,0,0,1,-623.3
0.5,0.182,2.475,400,50,0,0,0,125,8.25,0,0,0,1,-618.8
0.415,0.29,2.96,499,14.2,0,28.6,0,0,6,0,0,0,1,-610.9
0.3,0.3,0,1619,0,0,0,0,0,0.42,0,40,21,1,-609.4
0.323,0.29,2.62,492,11.1,0,0,0,0,6,0,0,0,1,-587.1
0.3,0.3,0,533,0,0,0,0,0,0,0,0,0,1,-577.8
0.26,0.224,1.2,800,16.2,0,0,0,26.88,3,0,0,0,1,-567.3
0.23,0.219,1.38,800,5,0,0,0,30.63,3,0,0,0,1,-551.4
0.3,0.3,3.06,550,0,0,0,0,0,0.9,0,0,0,1,-550.7
0.23,0.192,1.24,800,20,0,0,0,26.25,3,0,0,0,1,-539.5
0.23,0.209,1.34,800,10,0,0,0,28.75,3,0,0,0,1,-530.2
0.23,0.192,1.24,800,20,0,0,0,26.25,3,0,0,0,1,-508.1
0.23,0.198,1.27,800,16.2,0,0,0,27.5,3,0,0,0,1,-504.1
0.22,0.22,2.03,750,0,0,0,0,0,1.4,0,0,0,1,-499.2
0.23,0.198,1.27,800,16.2,0,0,0,27.5,3,0,0,0,1,-492.1
0.3,0.258,1.98,600,16.2,0,0,0,44.67,3,0,0,0,1,-488.9
0.513,0.3,5.69,296,0,71.6,0,0,0,0.78,0,0,0,1,-486.5
0.3,0.3,0,1620,0,0,0,0,0,0.42,0,100,61,1,-483.3
0.26,0.224,1.58,700,16.2,0,0,0,34.86,3,0,0,0,1,-457.6
0.26,0.224,1.58,700,16.2,0,0,0,34.86,3,0,0,0,1,-455.8
0.3,0.3,0,533,0,0,0,0,0,0,0,0,0,1,-451.4
0.3,0.258,1.11,800,16.2,0,0,0,25,3,0,0,0,1,-448.3
0.26,0.224,1.2,800,16.2,0,0,0,26.88,3,0,0,0,1,-436
0.23,0.219,1.38,800,5,0,0,0,30.63,3,0,0,0,1,-434.8
0.33,0.18,2,578,45.5,36.3,0,0,0,2.5,0,120,6,1,-413.8
0.3,0.3,0,533,0,0,0,0,0,0,0,0,0,1,-410.3
0.3,0.258,1.98,600,16.2,0,0,0,44.67,3,0,0,0,1,-390.3
0.3,0.3,0,1606,0,0,0,0,0,0,0,0,0,1,-388.8
0.3,0.258,1.11,800,16.2,0,0,0,25,3,0,0,0,1,-384.1
0.3,0.3,3,550,0,0,0,0,0,0,0,0,0,1,-377.3
0.38,0.38,3.9,380,0,0,0,0,0,0,0,0,0,1,-376.3
0.33,0.297,3.82,450,11,0,0,0,0,0,0,0,0,1,-371.5
0.35,0.3,0,1360,0,17.6,0,0,0,0.42,0,100,61,1,-370.9
0.18,0.18,1,1143,0,0,0,0,0,3.7,0,0,0,1,-356.6
0.23,0.209,1.34,800,10,0,0,0,28.75,3,0,0,0,1,-354
0.25,0.19,1.96,696,30,0,0,0,0,3,0.6,120,20,1,-349.9
0.415,0.29,2.96,499,14.2,28.6,0,0,0,6,0,0,0,1,-348.3
0.38,0.38,3.9,380,0,0,0,0,0,0,0,0,0,1,-347.6
0.24,0.216,1.99,715,11.19,0,0,0,0,1.8,0,0,0,1,-342.7
0.27,0.27,3.05,550,0,0,0,0,0,6.36,0,0,0,1,-339.7
0.3,0.18,1.52,663,6.3,62,0,0,0,2,0.2,471,15,1,-339.3
0.25,0.25,0,1544,0,0,0,0,0,0,0.92,200,13,1,-332.8
0.43,0.3,0,1105,0,42.8,0,0,0,0.42,0,100,61,1,-330.6
0.35,0.3,0,1370,0,0,17.6,0,0,0.42,0,100,61,1,-315.6
0.6,0.3,0,776,0,100,0,0,0,0.42,0,100,61,1,-310.5
0.3,0.27,3.36,495,0,11.11,0,0,0,7.07,0,0,0,1,-306.6
0.3,0.27,3.36,495,0,11.11,0,0,0,0,0,0,0,1,-305
0.333,0.3,0,1445,0,0,0,11.1,0,0,0,0,0,1,-298.9
0.27,0.27,3.05,550,0,0,0,0,0,6.36,0,0,0,1,-296.9
0.316,0.3,0,1526,0,0,0,5.26,0,0,0,0,0,1,-291.9
0.3,0.3,3.04,485,0,0,0,0,0,0,0,0,0,1,-274
0.3,0.3,3.04,485,0,0,0,0,0,0,0,0,0,1,-271.7
0.3,0.3,3.04,485,0,0,0,0,0,0,0,0,0,1,-271
0.375,0.3,0,1285,0,0,0,25,0,0,0,0,0,1,-266.6
0.3,0.3,3.04,485,0,0,0,0,0,0,0,0,0,1,-266
0.3,0.18,1.52,663,6.3,62,0,0,0,2,0.2,95,15,1,-263.5
0.3,0.27,1.74,700,10,0,0,0,0,1.8,0,324,20,1,-258.5
0.2,0.2,2.14,700,0,0,0,0,0,2,0,0,0,1,-252.9
0.43,0.3,0,1124,0,0,42.8,0,0,0.42,0,100,61,1,-252.2
0.353,0.3,0,1365,0,0,0,17.6,0,0,0,0,0,1,-245.5
0.5,0.3,5.61,300,0,67.3,0,0,0,0.9,0,0,0,1,-239.3
0.34,0.272,3.73,440,0,25,0,0,0,7.95,0,0,0,1,-237.6
0.34,0.272,3.73,440,0,25,0,0,0,0,0,0,0,1,-236.5
0.34,0.34,4,450,0,0,0,0,0,0,0,0,0,1,-232.9
0.34,0.272,3.73,440,0,25,0,0,0,7.95,0,0,0,1,-230.7
0.4,0.22,2,556,45.5,36.3,0,0,0,2.5,0,120,6,1,-228.2
0.5,0.5,0,1215,0,0,0,0,0,0,0,0,0,1,-220.7
0.33,0.18,2,578,45.5,36.3,0,0,0,2.5,0.6,120,6,1,-218.5
0.3,0.18,1.52,663,6.3,62,0,0,0,2,0.13,62.8,35,1,-218.4
0.3,0.3,3.04,485,0,0,0,0,0,0,0,0,0,1,-217.6
0.3,0.18,1.52,663,6.3,62,0,0,0,2,0.4,471,15,1,-213.5
0.3,0.3,0,533,0,0,0,0,0,0,0,0,0,1,-211.2
0.28,0.25,0,1567,11.1,0,0,0,0,0,0.7,200,13,1,-208.5
0.353,0.3,0,1387,0,0,11.76,0,5.88,0.25,0,0,0,1,-206.7
0.429,0.3,0,1142,0,0,28.5,0,14.3,0.25,0,0,0,1,-196.7
0.307,0.2,3.29,455,0,53.8,0,0,0,1.7,0,0,0,1,-196.4
0.28,0.252,3.4,505,11.09,0,0,0,0,5,0,0,0,1,-194.4
0.32,0.32,3.2,541,0,0,0,0,0,0.8,0,175,13,1,-191.8
0.277,0.25,3.4,505,11.1,0,0,0,0,5,0,0,0,1,-189.7
0.24,0.2,0,1030,19.7,0,0,0,23.8,1.44,0.38,40,21,1,-188.9
0.6,0.3,0,798,0,0,100,0,0,0.42,0,100,61,1,-186.5
0.64,0.38,6.46,270,0,0,100,0,0,0.8,0.47,175,13,1,-179.7
0.31,0.31,3.4,500,0,0,0,0,0,7,0,0,0,1,-173.1
0.25,0.25,2.82,582,0,0,0,0,0,1.4,0,200,13,1,-171
0.4,0.2,4.28,350,0,0,100,0,0,1.5,0,0,0,1,-169.4
0.526,0.5,0,1154,0,0,0,5.26,0,0,0,0,0,1,-165.6
0.38,0.304,3.95,377,25,0,0,0,0,0,0,0,0,1,-164.1
0.28,0.252,2.82,576,11.11,0,0,0,0,2,0,0,0,1,-162.9
0.6,0.3,0,776,0,100,0,0,0,0.42,0.22,100,61,1,-161
0.38,0.304,3.95,377,25,0,0,0,0,0,0,0,0,1,-160
0.38,0.304,3.95,377,25,0,0,0,0,0,0,0,0,1,-158.5
0.3,0.3,2.5,600,0,0,0,0,0,1,0,0,0,1,-156.4
0.49,0.38,4.95,351,0,0,53.8,0,0,0.8,0.47,175,13,1,-155.6
0.63,0.504,6.42,288,0,25,0,0,0,0,0,0,0,1,-149.1
0.34,0.306,3.74,450,0,11.11,0,0,0,0,0,0,0,1,-148.6
0.34,0.306,3.74,450,0,11.11,0,0,0,7.78,0,0,0,1,-146.4
0.3,0.3,0,533,0,0,0,0,0,0,0,0,0,1,-146.1
0.25,0.25,2.98,576,0,0,0,0,0,5,0,0,0,1,-145.7
0.3,0.3,2.73,583,0,0,0,0,0,1,0,0,0,1,-143.8
0.354,0.354,3.98,438,0,0,0,0,0,1,0,0,0,1,-142.8
0.3,0.18,1.52,663,6.3,62,0,0,0,2,0.4,95,15,1,-138.3
0.25,0.25,2.98,576,0,0,0,0,0,5,0,0,0,1,-137.1
0.38,0.266,4.22,385,0,42.85714286,0,0,0,9.09,0,0,0,1,-129.7
0.38,0.266,4.22,385,0,42.86,0,0,0,0,0,0,0,1,-127.9
0.555,0.5,0,1093,0,0,0,11.1,0,0,0,0,0,1,-127.7
0.35,0.35,3.85,450,0,0,0,0,0,7.78,0,0,0,1,-127.3
0.39,0.312,4.17,400,0,25,0,0,0,8.75,0,0,0,1,-125.8
0.3,0.3,2.72,583,0,0,0,0,0,1,0,0,0,1,-125
0.44,0.352,4.73,360,0,25,0,0,0,9.72,0,0,0,1,-120.4
0.3,0.3,3.1,533,0,0,0,0,0,0.3,0,0,0,1,-120
0.3,0.3,2.82,582,0,0,0,0,0,1.2,0,200,13,1,-119
0.27,0.27,3.05,550,0,0,0,0,0,0,0,0,0,1,-117
0.3,0.27,1.74,700,10,0,0,0,0,1.8,0.3,324,20,1,-116
0.3,0.3,3.1,533,0,0,0,0,0,0.3,0,0,0,1,-114.8
0.492,0.385,5.53,315,7.6,20.3,0,0,0,1,0,0,0,1,-112.7
0.6,0.3,5,300,0,0,100,0,0,0.75,0,0,0,1,-112.6
0.4,0.38,4,432.8,0,0,25,0,0,0.8,0.47,175,13,1,-112.6
0.33,0.33,3.45,512,0,0,0,0,0,0.65,0,225,13,1,-111.9
0.25,0.192,1.96,696,0,0,0,0,0,3,0,0,0,1,-111.1
0.443,0.374,4.97,350,0,18.28,0,0,0,1,0,0,0,1,-110.6
0.39,0.312,4.17,400,0,25,0,0,0,8.75,0,0,0,1,-106.1
0.625,0.47,4,387,0,0,0,0,33.3,0,0,0,0,1,-106.1
0.588,0.5,0,1032,0,0,0,17.6,0,0,0,0,0,1,-105.1
0.44,0.352,4.73,360,0,25,0,0,0,0,0,0,0,1,-104.2
0.44,0.44,1.35,600,0,0,0,0,0,1.4,0,100,20,1,-103.3
0.39,0.351,4.14,424,11.08,0,0,0,0,2,0,0,0,1,-103
0.44,0.308,4.72,350,0,42.86,0,0,0,10,0,0,0,1,-102.1
0.39,0.312,4.17,400,0,25,0,0,0,0,0,0,0,1,-101.2
0.462,0.3,3.85,390,0,53.8,0,0,0,0.9,0,0,0,1,-100.3
0.44,0.308,4.72,350,0,42.86,0,0,0,0,0,0,0,1,-98.8
0.27,0.25,3.79,456,7.89,0,0,0,0,7.68,0,0,0,1,-98.2
0.4,0.4,3.54,423,0,0,0,0,0,0,0,0,0,1,-97
0.26,0.234,4.02,446,11.21,0,0,0,0,0,0,0,0,1,-96.1
0.55,0.47,3.52,440,0,0,0,0,17.64,0,0,0,0,1,-95
0.31,0.31,3.4,500,0,0,0,0,0,0,0,0,0,1,-94.7
0.35,0.35,3.85,450,0,0,0,0,0,0,0,0,0,1,-93.8
0.26,0.247,3.83,471,5.31,0,0,0,0,0,0,0,0,1,-93.6
0.27,0.27,1.53,850,0,0,0,0,0,0,0,0,0,1,-93.5
0.22,0.157,0,1446,0,0,0,0,40,1.2,0,0,0,1,-90.6
0.24,0.2,0,1030,19.7,0,0,0,23.8,1.44,0.3,100,27,1,-86.4
0.33,0.33,3.45,512,0,0,0,0,0,0.65,0.17,225,13,1,-83.9
0.30044843,0.26,4.02,446,11.2,0,0,0,0,2,0,0,0,1,-81.2
0.5,0.45,5.36,340,11.18,0,0,0,0,1.56,0,0,0,1,-80.3
0.625,0.5,0,972,0,0,0,25,0,0,0,0,0,1,-79.2
0.57,0.392,2.2,638,0,42.85,0,2.85,0,0.39,0,0,0,1,-77.4
0.43,0.3,0,1105,0,42.8,0,0,0,0.42,0.22,100,61,1,-75.7
0.38,0.38,3.69,468,0,0,0,0,0,1,0,125,10,1,-75
0.3,0.27,3.91,446,11.21,0,0,0,0,0,0,0,0,1,-70.3
0.3,0.285,3.73,471,5.31,0,0,0,0,0,0,0,0,1,-69.4
0.3,0.3,2.64,500,0,0,0,0,0,0,0,0,0,1,-68
0.36,0.328,3.82,445,9.89,0,0,0,0,0.85,0,0,0,1,-65
0.416,0.25,1.2,585,25,0,41.6,0,0,1.4,0,0,0,1,-62.4
0.36,0.328,3.82,445,9.89,0,0,0,0,0.85,0,0,0,1,-61.6
0.44,0.157,0,714,0,0,100,0,60,0.8,0,0,0,1,-61.5
0.38,0.38,3.75,455,0,0,0,0,0,7.69,0,0,0,1,-60.9
0.22,0.22,0.4,1446,0,0,0,0,0,1,0,0,0,1,-60.6
0.429,0.3,3.676,408,14.2,28.7,0,0,0,2.1,0,0,0,1,-59.3
0.324,0.3,3.73,472,5.3,0,0,0,0,1.47,0,0,0,1,-58
0.54,0.27,5,311,0,0,100,0,0,2,0,0,0,1,-57.3
0.22,0.175,0.149,1446,0,0,0,0,25,1.2,0,0,0,1,-57.2
0.305,0.28,3.19,531,9.2,0,0,0,0,1.88,0,0,0,1,-56.9
0.342,0.3,3.91,447,11.2,0,0,0,0,1.64,0,0,0,1,-56.4
0.352,0.3,3.08,496,17.74,0,0,0,0,2.5,0,0,0,1,-54.1
0.352,0.3,3.08,496,5.84,11.69,0,0,0,1.9,0,0,0,1,-54.1
0.324,0.3,2.86,540,8.15,0,0,0,0,2.2,0,0,0,1,-52.9
0.44,0.44,1.35,600,0,0,0,0,0,1.4,0.4,100,20,1,-51.4
0.37,0.333,3.87,444,11.04,0,0,0,0,1.5,0,0,0,1,-50.8
0.44,0.44,1.35,600,0,0,0,0,0,1.4,0.6,100,20,1,-50.6
0.37,0.336,3.87,444,10,0,0,0,0,1.5,0,0,0,1,-49.3
0.44,0.44,1.35,600,0,0,0,0,0,1.4,0.2,100,20,1,-49.2
0.26,0.26,3.7,496,0,0,0,0,0,0,0,0,0,1,-47.8
0.387,0.35,3.5,490,11.22,0,0,0,0,1.88,0,0,0,1,-46.3
0.367,0.33,3.867,444,11.03,0,0,0,0,1.5,0,0,0,1,-46.2
0.416,0.25,1.2,585,0,0,66.6,0,0,1.4,0,0,0,1,-46.2
0.352,0.3,3.08,496,0,17.7,0,0,0,1.8,0,0,0,1,-45.2
0.367,0.33,3.86,444,11,0,0,0,0,1.5,0,0,0,1,-43.2
0.35,0.332,3.58,471,5.31,0,0,0,0,0,0,0,0,1,-42.8
0.38,0.352,3.77,453,7.95,0,0,0,0,7.73,0,0,0,1,-41.3
0.3,0.274,3.28,530,9.62,0,0,0,0,1.43,0,0,0,1,-41.3
0.308,0.213,3.14,497,10,0,0,0,34,2.07,0,0,0,1,-41.3
0.35,0.315,3.75,446,11.21,0,0,0,0,0,0,0,0,1,-39.7
0.3,0.18,1.52,663,6.3,62,0,0,0,2,0.6,471,15,1,-38.7
0.34,0.34,3.77,453,0,0,0,0,0,7.73,0,0,0,1,-38.3
0.37,0.342,3.72,461,8.1,0,0,0,0,2.58,0,0,0,1,-37.5
0.27,0.27,2.53,622,0,0,0,0,0,2,0,0,0,1,-37.2
0.376,0.35,3.58,473,5.3,0,0,0,0,1.34,0,0,0,1,-37
0.3,0.3,3.6,497,0,0,0,0,0,0,0,0,0,1,-36.9
0.37,0.353,4,430,4.88,0,0,0,0,0.6,0,0,0,1,-36.8
0.26,0.26,3.7,496,0,0,0,0,0,1.81,0,0,0,1,-36
0.33,0.33,3.45,512,0,0,0,0,0,0.7,0,137,20,1,-35.8
0.571,0.4,2.2,642,0,42.85,0,0,0,0.39,0,0,0,1,-35.4
0.33,0.33,3.45,512,0,0,0,0,0,0.65,0.35,225,13,1,-35.4
0.25,0.25,1.2,975,0,0,0,0,0,1.4,0,0,0,1,-35.1
0.37,0.336,4.06,440,10,0,0,0,0,1.02,0,0,0,1,-35
0.28,0.28,2.94,589,0,0,0,0,0,1.1,0,0,0,1,-34.4
0.313,0.25,1.2,780,25,0,0,0,0,1.4,0,0,0,1,-34.4
0.435,0.297,3.74,415.9,0,0,0,10.5,36.2,1.46,0,0,0,1,-34.1
0.3,0.27,1.74,700,10,0,0,0,0,1.8,0.3,586,20,1,-33.4
0.3,0.3,3.6,497,0,0,0,0,0,1.45,0,0,0,1,-33
0.4,0.4,3.92,438,0,0,0,0,0,0.6,0,0,0,1,-32.2
0.31,0.282,3.56,495,10.1,0,0,0,0,0.93,0,0,0,1,-32.2
0.386,0.27,3.59,435,0,0,43,0,0,2,0,0,0,1,-32.1
0.32,0.216,4.12,400,0,0,0,0,48,1.19,0,0,0,1,-31.5
0.64,0.32,6.22,263,0,0,100,0,0,1.8,0,0,0,1,-31.2
1.6,0.32,0,316.2,0,0,400,0,0,0,0,0,0,1,-31.1
0.32,0.38,3.2,541,0,0,0,0,0,0.8,0.47,175,13,1,-31
0.31,0.282,3.56,495,10.1,0,0,0,0,0.93,0,0,0,1,-30.9
0.25,0.227,3.22,545,10.09,0,0,0,0,1.98,0,0,0,1,-30.1
0.396,0.35,3.75,447,11.2,0,0,0,0,1.5,0,0,0,1,-29.7
0.4,0.4,3.92,438,0,0,0,0,0,0.6,0,0,0,1,-29.5
0.43,0.398,3.83,413,8.1,0,0,0,35.79,2.66,0,0,0,1,-28.8
0.3,0.3,0,1619,0,0,0,0,0,0.42,0.38,40,21,1,-28.3
0.37,0.348,3.94,470,6.38,0,0,0,0,2.08,0,0,0,1,-27.8
0.4,0.4,1.54,920,0,0,0,0,0,0.39,0,0,0,1,-27.7
0.33,0.33,3.39,506,0,0,0,0,0,1.5,0,0,0,1,-27.2
0.43,0.43,2.51,685,0,0,0,0,0,1,0,0,0,1,-26.8
0.429,0.3,3.679,408,0,42.9,0,0,0,1.7,0,0,0,1,-26.6
0.3,0.3,2.679,583,0,0,0,0,0,1.9,0,0,0,1,-26.4
0.5,0.5,5.09,350,0,0,0,0,0,0.3,0,0,0,1,-26
0.37,0.336,4.06,440,10,0,0,0,0,1.02,0,0,0,1,-25.8
0.492,0.47,3.15,493,0,0,0,0,5.26,0,0,0,0,1,-25.5
0.33,0.33,3.39,506,0,0,0,0,0,0,0,0,0,1,-25
0.45,0.428,4.3,400,0,5,0,0,0,0.7,0,0,0,1,-25
0.5,0.5,4,376,0,0,0,0,0,0,0,0,0,1,-24.9
0.3,0.3,0,1619,0,0,0,0,0,0.42,0.257,40,21,1,-24.9
0.43,0.43,4.33,383,0,0,0,0,42.5,3.58,0,0,0,1,-24.4
0.37,0.336,4.06,440,10,0,0,0,0,1.02,0,0,0,1,-23.5
0.33,0.33,3.39,506,0,0,0,0,0,1.5,0,0,0,1,-22.2
0.3,0.25,0,1440,20,0,0,0,0,0.8,0.1,200,35,1,-22.2
0.5,0.5,5.09,350,0,0,0,0,0,0.3,0,0,0,1,-21.7
0.3,0.18,1.52,663,6.3,62,0,0,0,2,0.6,95,15,1,-21.4
0.65,0.43,5.86,283,0,0,0,0,67.8,1.23,0,0,0,1,-20.6
0.33,0.33,3.45,512,0,0,0,0,0,0.65,0.49,225,13,1,-20
0.25,0.25,2.82,582,0,0,0,0,0,1.4,0.35,200,13,1,-19.6
0.6,0.6,6.43,292,0,0,0,0,0,0.1,0,0,0,1,-19.4
0.3,0.274,3.28,530,9.62,0,0,0,0,1.43,0,0,0,1,-19.2
0.36,0.36,3.5,500,0,0,0,0,0,0.7,0,0,0,1,-19.2
0.6,0.529,5.63,300,0,30,0,0,0,0.7,0,0,0,1,-18.8
0.457,0.32,4.47,368,0,0,42.6,0,0,1.8,0,0,0,1,-18.2
1.6,0.32,0,316.2,0,0,300,0,100,0,0,0,0,1,-18
0.74,0.37,7.48,227,0,0,100,0,0,1.8,0,0,0,1,-17.2
0.44,0.176,0.3,714,0,0,100,0,50,0.8,0,0,0,1,-17.1
0.41,0.348,4.39,403,0,17.65,0,0,0,0,0,0,0,1,-17
0.35,0.35,3.5,498,0,0,0,0,0,0,0,0,0,1,-17
0.65,0.65,7.96,250,0,0,0,0,0,0.25,0,0,0,1,-17
0.6,0.6,6.43,292,0,0,0,0,0,0.3,0,0,0,1,-16.9
0.3,0.3,0,1619,0,0,0,0,0,0.3,0,0,0,1,-16.5
0.42,0.358,4.85,374,0,17.46,0,0,0,0,0,0,0,1,-16
0.86,0.86,4.75,457,0,0,0,0,0,0,0,0,0,1,-15.5
0.35,0.35,3.5,498,0,0,0,0,0,0.82,0,0,0,1,-15
0.4,0.4,3,500,0,0,0,0,0,0.8,0,0,0,1,-14.9
0.53,0.53,5.25,350,0,0,0,0,0,0,0,0,0,1,-14.6
0.24,0.2,0,1030,19.7,0,0,0,23.8,1.44,0.57,40,21,1,-14.4
0.64,0.32,0,790.5,0,0,80,0,20,0,0,0,0,1,-14
0.32,0.32,3.15,525,0,0,0,0,0,1.8,0,0,0,1,-13.4
0.528,0.37,5.36,318,0,0,42.8,0,0,1.8,0,0,0,1,-12.7
0.33,0.33,3.39,506,0,0,0,0,0,0,0,0,0,1,-12.5
0.4,0.34,5.04,368,0,17.74,0,0,0,0,0,0,0,1,-12
0.42,0.359,4.13,415,0,17.14,0,0,0,0,0,0,0,1,-12
0.8,0.8,4.75,405,0,0,0,0,0,0,0,0,0,1,-11.3
0.58,0.58,7.15,275,0,0,0,0,0,0,0,0,0,1,-11.1
0.305,0.28,3.19,530,0,0,0,8.86,0,1.57,0,0,0,1,-10
0.44,0.44,3.7,450,0,0,0,0,0,3,0,0,0,1,-9.9
0.39,0.39,4.06,450,0,0,0,0,0,1.31,0,0,0,1,-9.8
0.8,0.4,6,250,0,0,100,0,0,0.5,0,0,0,1,-9.7
0.58,0.58,4.75,337,0,0,0,0,0,0,0,0,0,1,-9.7
0.41,0.352,4.35,425,16.47,0,0,0,0,3.14,0,0,0,1,-9.6
0.84,0.42,8.72,200,0,0,100,0,0,1.8,0,0,0,1,-9.6
0.35,0.35,3.13,547,0,0,0,0,0,1.07,0,0,0,1,-9.5
0.386,0.35,3.5,492,0,0,0,11.2,0,1.44,0,0,0,1,-9.5
1.6,0.32,0,316.2,0,0,350,0,50,0,0,0,0,1,-9.4
0.355,0.32,0,1423,0,0,0,0,11.1,0,0,0,0,1,-9.3
0.42,0.359,4.15,415,0,17.14,0,0,0,0,0,0,0,1,-9
0.32,0.296,3.77,453,7.95,0,0,0,0,7.73,0,0,0,1,-7.8
0.37,0.336,3.37,444,10,0,0,0,0,2,0,0,0,1,-7.3
0.615,0.4,4.615,325,0,53.8,0,0,0,0.7,0,0,0,1,-6.7
0.5,0.35,7.09,266,0,42.85,0,0,0,0.6,0,0,0,1,-6.5
0.3,0.3,2.75,596.3,0,0,0,0,0,0.5,0.2,482,10.99,1,-5.9
0.3,0.273,3.69,490,10,0,0,0,0,1.76,0,0,0,1,-5.8
0.5,0.5,4.66,370,0,0,0,0,0,0,0,0,0,1,-5.7
0.5,0.5,4.66,370,0,0,0,0,0,9.46,0,0,0,1,-5.4
0.64,0.32,0,790.5,0,0,100,0,0,0,0,0,0,1,-5.4
0.74,0.4,10.48,183.6,0,0,0,57.4,27.8,0.1,0,0,0,1,-5
0.56,0.56,4.57,350,0,0,0,0,0,1.43,0,0,0,1,-4.6
0.35,0.35,3.96,450,0,0,0,0,0,2.5,0,0,0,1,-4
0.44,0.44,4.84,375,0,0,0,0,0,0,0,0,0,1,-4
0.36,0.333,4.32,418,8.1,0,0,0,0,1.51,0,0,0,1,-3.2
0.3,0.273,3.69,490,10,0,0,0,0,1.76,0,0,0,1,-3.2
0.4,0.4,5.26,360,0,0,0,0,0,0.6,0,0,0,1,-3
0.55,0.55,4.75,360,0,0,0,0,0,0,0,0,0,1,-2.9
0.32,0.305,4.12,455,5.05,0,0,0,0,1.12,0,0,0,1,-2.8
0.926,0.5,11.56,167.4,0,0,0,57.4,27.8,1,0,0,0,1,-2.2
0.55,0.55,4.75,323,0,0,0,0,0,0,0,0,0,1,-2.2
0.35,0.35,3.7,500,0,0,0,0,0,1.63,0,0,0,1,-2.1
0.63,0.504,5.74,296,0,25,0,0,0,11.82,0,0,0,1,-2
0.47,0.47,4.5,385,0,0,0,0,0,0,0,0,0,1,-2
0.32,0.305,4.12,455,5.05,0,0,0,0,1.12,0,0,0,1,-1.8
0.69,0.69,7.04,275,0,0,0,0,0,0,0,0,0,1,-1.3
0.63,0.504,5.74,296,0,25,0,0,0,0,0,0,0,1,-0.8
0.37,0.37,3.77,454,0,0,0,0,0,1.8,0,0,0,1,-0.5
0.42,0.42,4.3875,400,0,0,0,0,0,1.8,0,0,0,1,-0.2
0.47,0.47,4.5,385,0,0,0,0,0,0,0,0,0,1,-0.2
0.39,0.361,3.74,431,8.1,0,0,0,32.48,2.11,0,0,0,1,-0.1
0.643,0.45,9,217,0,42.85,0,0,0,0.65,0,0,0,1,-0.1
0.59,0.59,5.67,320,0,0,0,0,0,0,0,0,0,1,-0.1
0.25,0.227,3.22,545,10.09,0,0,0,0,1.98,0,0,0,1,0
0.285,0.26,3.83,471,5.3,0,0,0,0,1.78,0,0,0,1,0
0.46,0.46,3.73,452,0,0,0,0,0,0,0,0,0,1,0
0.46,0.46,3.73,452,0,0,0,0,0,0,0,0,0,1,0
0.46,0.46,3.73,452,0,0,0,0,0,0,0,0,0,1,0
0.5,0.5,6.24,310,0,0,0,0,0,0.02,0,0,0,1,0.6
0.35,0.35,3.96,450,0,0,0,0,0,2.5,0,0,0,1,0.8
0.937,0.47,6,258,0,0,100,0,0,0,0,0,0,1,1
0.47,0.47,4.5,385,0,0,0,0,0,0,0,0,0,1,1
0.35,0.35,3.96,450,0,0,0,0,0,2.5,0,0,0,1,1.4
0.3,0.3,2.75,588.6,0,0,0,0,0,0.5,0.4,482,10.99,1,1.7
0.45,0.45,4.75,291,0,0,0,0,0,0,0,0,0,1,2
0.39,0.351,4.11,450,11.11,0,0,0,0,2.6,0,0,0,1,3
0.46,0.46,3.73,452,0,0,0,0,0,0,0,0,0,1,3
0.54,0.54,4.75,326,0,0,0,0,0,0,0,0,0,1,3.1
0.75,0.75,4.75,425,0,0,0,0,0,0,0,0,0,1,3.1
0.6,0.42,6.24,280,0,0,42.9,0,0,1.8,0,0,0,1,3.4
0.67,0.67,4.75,351,0,0,0,0,0,0,0,0,0,1,3.6
0.457,0.32,0,1106,0,0,28.6,0,14.3,0,0,0,0,1,3.9
0.8,0.8,4.75,389,0,0,0,0,0,0,0,0,0,1,4.2
0.76,0.76,4.75,383,0,0,0,0,0,0,0,0,0,1,4.8
0.35,0.35,3.96,450,0,0,0,0,0,2.5,0,0,0,1,5
0.59,0.59,5.67,320,0,0,0,0,0,0,0,0,0,1,6.1
0.63,0.63,4.75,387,0,0,0,0,0,0,0,0,0,1,6.8
0.3,0.273,3.69,490,10,0,0,0,0,1.76,0,0,0,1,7
0.3,0.27,1.74,700,10,0,0,0,0,1.8,0.3,324,20,1,7
0.48,0.48,4.75,292,0,0,0,0,0,0,0,0,0,1,7.1
0.5,0.5,4.75,311,0,0,0,0,0,0,0,0,0,1,7.4
0.3,0.3,2.75,586.2,0,0,0,0,0,0.5,0.4,535,12.7,1,7.7
0.32,0.32,0,1581,0,0,0,0,0,0,0,0,0,1,7.9
0.47,0.47,3,520,0,0,0,0,0,0,0,0,0,1,7.9
0.3,0.3,0,1619,0,0,0,0,0,0.42,0.57,40,21,1,8.2
0.64,0.32,0,790.5,0,0,60,0,40,0,0,0,0,1,8.7
0.56,0.56,4.75,317,0,0,0,0,0,0,0,0,0,1,10.7
0.33,0.33,3.45,512,0,0,0,0,0,0.7,0.05,137,20,1,11.6
0.4,0.32,0,1264,0,0,0,0,25,0,0,0,0,1,11.7
0.3,0.3,2.75,588.6,0,0,0,0,0,0.5,0.6,482,10.99,1,12.8
0.3,0.3,0,1619,0,0,0,0,0,0.42,0.257,100,21,1,15.1
0.456,0.32,0,1107,0,0,42.8,0,0,0,0,0,0,1,15.9
0.31,0.31,3.4,500,0,0,0,0,0,7,0,0,0,1,16.4
0.32,0.305,4.12,455,5.05,0,0,0,0,1.12,0,0,0,1,17.4
0.62,0.62,4.75,344,0,0,0,0,0,0,0,0,0,1,18
0.3,0.27,1.74,700,10,0,0,0,0,1.8,0,586,20,1,19.2
0.42,0.42,4.32,418,0,0,0,0,0,0,0,0,0,1,19.3
0.45,0.45,4.53,357,0,0,0,0,55.71,0,0,0,0,1,23
0.25,0.25,2.82,582,0,0,0,0,0,2,0.7,200,13,1,23.1
0.3,0.3,2.75,591.7,0,0,0,0,0,0.5,0.4,166,8.75,1,23.4
0.35,0.3,0,1370,0,0,17.6,0,0,0.42,0.22,100,61,1,23.7
0.4,0.4,4.75,267,0,0,0,0,0,0,0,0,0,1,23.8
0.671,0.47,4.29,362,0,0,42.85,0,0,0,0,0,0,1,24.3
0.35,0.3,0,1360,0,17.6,0,0,0,0.42,0.22,100,61,1,28.7
0.38,0.38,3.69,468,0,0,0,0,0,1,0.6,125,10,1,29
0.3,0.27,1.74,700,10,0,0,0,0,1.8,0.3,586,20,1,31.3
0.3,0.3,2.75,597.3,0,0,0,0,0,0.5,0.4,645,4.82,1,32.5
0.457,0.32,0,1106,0,0,14.3,0,28.6,0,0,0,0,1,38.2
0.522,0.47,3.33,467,0,0,11.1,0,0,0,0,0,0,1,41.3
0.37,0.336,3.39,444,10,0,0,0,0,2,0,0,0,1,45.8
0.3,0.27,1.74,700,10,0,0,0,0,1.8,0.6,586,20,1,50.8
0.3,0.3,0,533,0,0,0,0,0,0,0,0,0,1,53.6
0.545,0.3,0,898,0,0,54.5,0,27.3,0.25,0,0,0,1,54.5
0.67,0.67,4.75,366,0,0,0,0,0,0,0,0,0,1,57.2
0.33,0.33,3.45,512,0,0,0,0,0,0.7,0.16,137,20,1,61.4
0.37,0.336,2.55,444,10,0,0,0,0,1.8,0,0,0,1,73.2
0.3,0.27,1.74,700,10,0,0,0,0,1.8,0.6,324,20,1,86.2
0.37,0.336,2.6,444,10,0,0,0,0,2.2,0,0,0,1,90.4
0.33,0.33,3.45,512,0,0,0,0,0,0.7,0.26,137,20,1,95.5
0.3,0.27,1.74,700,10,0,0,0,0,1.8,0.3,130,20,1,105
0.3,0.18,1.52,663,6.3,62,0,0,0,2,0.4,62.8,35,1,105.4
0.3,0.3,0,533,0,0,0,0,0,0,0,0,0,1,115.7
0.4,0.4,3.63,450,0,0,0,0,0,0.1,0,0,0,1,126.6
0.25,0.25,0,1762,0,0,0,0,0,0,0.7,200,13,1,131.5
0.4,0.4,3.63,450,0,0,0,0,0,0.1,0,0,0,1,134.3
0.3,0.25,0,1440,20,0,0,0,0,1,0.3,54,12.5,1,136
0.4,0.4,0,450,0,0,0,0,0,0,0,0,0,1,167.1
0.6,0.3,0,798,0,0,100,0,0,0.42,0.22,100,61,1,170.7
0.3,0.3,0,533,0,0,0,0,0,0,0,0,0,1,177.7
0.3,0.25,0,1440,20,0,0,0,0,1,0.3,69,12.5,1,181.8
0.43,0.3,0,1124,0,0,42.8,0,0,0.42,0.22,100,61,1,194.4
0.3,0.27,1.74,700,10,0,0,0,0,1.8,0.6,130,20,1,227.5
0.3,0.25,0,1440,20,0,0,0,0,1,0.3,82.5,12.5,1,254.8
0.3,0.3,0,533,0,0,0,0,0,0,0,0,0,1,277.9
0.3,0.25,0,1440,20,0,0,0,0,1,0.3,107.5,12.5,1,313.1
0.3,0.25,0,1440,20,0,0,0,0,1,0.3,205,12.5,1,405.1
0.3,0.3,0,1619,0,0,0,0,0,0.42,0.2,100,27,1,407
0.3,0.25,0,1440,20,0,0,0,0,1,0.6,107.5,12.5,1,530.2
0.3,0.25,0,1440,20,0,0,0,0,1,0.3,142,12.5,1,558.5
0.3,0.25,0,1440,20,0,0,0,0,1,0.6,142,12.5,1,661.9
0.3,0.25,0,1440,20,0,0,0,0,0.8,0.3,200,20,1,713.6
0.3,0.25,0,1440,20,0,0,0,0,1,0.6,205,12.5,1,747.9
0.3,0.25,0,1440,20,0,0,0,0,0.8,0.6,200,20,1,845.6
0.3,0.25,0,1440,20,0,0,0,0,0.8,0.4,200,35,1,938.7
0.3,0.25,0,1440,20,0,0,0,0,0.8,0.2,200,35,1,942.3
0.3,0.25,0,1440,20,0,0,0,0,0.8,0.3,200,35,1,1077.5
0.33,0.18,1.1,580,45.4,36.3,0,0,0,2,0,100,6,2,-3221.7
0.17,0.168,1.47,864,1.16,0,0,0,0,0.16,0,0,0,2,-2978.3
0.3,0.25,0,1440,20,0,0,0,0,0.8,0,200,35,2,-2616.1
0.3,0.25,0,1440,20,0,0,0,0,0.8,0,200,20,2,-2595.7
0.25,0.25,0,1762,0,0,0,0,0,0,0,200,13,2,-2463.7
0.33,0.18,1.1,580,45.4,36.3,0,0,0,2,0.3,100,6,2,-2296.6
0.3,0.25,0,1440,20,0,0,0,0,0,0,107.5,12.5,2,-2029.4
0.28,0.25,0,1567,11.1,0,0,0,0,0,0,200,13,2,-1874.5
0.34,0.28,0,1367,20,0,0,0,0,0,0,107.5,12.5,2,-1857.7
0.33,0.18,1.1,580,45.4,36.3,0,0,0,2,0.6,100,6,2,-1843.4
0.23,0.23,0,670,0,0,0,0,0,0.049,0,0,0,2,-1774.7
0.253,0.16,1.35,720,19.4,38.9,0,0,0,3.47,0,0,0,2,-1701.7
0.38,0.31,0,1300,20,0,0,0,0,0,0,107.5,12.5,2,-1581.3
0.325,0.16,1.73,560,25,50,0,0,28.6,4.46,0,0,0,2,-1413.2
0.225,0.183,1.25,863,25,0,0,0,0,4.3,0,0,0,2,-1278.2
0.24,0.2,0,1030,19.7,0,0,0,23.8,1.44,0,40,21,2,-1271.7
0.3,0.3,0,533,0,0,0,0,0,0,0,0,0,2,-1251.2
0.23,0.227,0,670,1.49,0,0,0,0,0.05,0,0,0,2,-1238.3
0.3,0.3,0,533,0,0,0,0,0,0,0,0,0,2,-1009.9
0.266,0.182,1.32,750,26.7,0,0,0,20,4.4,0,0,0,2,-1002.2
0.24,0.2,0,1030,19.7,0,0,0,23.8,1.44,0.257,40,21,2,-961.5
0.19,0.171,1.47,864,10.88,0,0,0,0,2.5,0,0,0,2,-914.6
0.455,0.16,2.425,400,35,70,0,0,80,6.25,0,0,0,2,-906.8
0.333,0.182,1.65,600,33.3,0,0,0,50,5.5,0,0,0,2,-886.8
0.3,0.3,0,1632,0,0,0,0,0,0.25,0,0,0,2,-868.1
0.24,0.182,1.472,750,15.3,16.6,0,0,0,3.33,0,0,0,2,-850.2
0.28,0.25,0,1567,11.1,0,0,0,0,0,0.35,200,13,2,-844.4
0.19,0.171,1.47,864,10.88,0,0,0,0,2.5,0,0,0,2,-839.6
0.25,0.25,0,1544,0,0,0,0,0,0,0,200,13,2,-813.3
0.415,0.29,2.96,499,14.2,0,28.6,0,0,6,0,0,0,2,-764.5
0.4,0.182,1.98,500,40,0,0,0,80,6.6,0,0,0,2,-756.5
0.323,0.29,2.62,492,11.1,0,0,0,0,6,0,0,0,2,-738
0.3,0.3,0,1620,0,0,0,0,0,0.42,0,100,61,2,-721.5
0.25,0.25,0,1762,0,0,0,0,0,0,0.35,200,13,2,-717.2
0.3,0.3,0,1619,0,0,0,0,0,0.42,0,40,21,2,-715.6
0.235,0.2,1.766,770,17.53,0,0,0,0,3,0,0,0,2,-704.8
0.226,0.183,2.15,620,18.4,26.6,0,0,0,5.8,0,0,0,2,-700.3
0.25,0.25,0,1544,0,0,0,0,0,0,0.46,200,13,2,-677.1
0.366,0.3,3.9,431,0,22.5,0,0,0,0.9,0,0,0,2,-676.9
0.3,0.3,0,533,0,0,0,0,0,0,0,0,0,2,-673.4
0.37,0.3,3.93,429,0,23.7,0,0,0,0.8,0,0,0,2,-662.1
0.26,0.224,1.2,800,16.2,0,0,0,26.88,3,0,0,0,2,-634.4
0.5,0.182,2.475,400,50,0,0,0,125,8.25,0,0,0,2,-622.4
0.3,0.3,0,533,0,0,0,0,0,0,0,0,0,2,-610.3
0.22,0.22,2.03,750,0,0,0,0,0,1.4,0,0,0,2,-602
0.23,0.219,1.38,800,5,0,0,0,30.63,3,0,0,0,2,-594.9
0.23,0.192,1.24,800,20,0,0,0,26.25,3,0,0,0,2,-593.8
0.3,0.3,3.06,550,0,0,0,0,0,0.9,0,0,0,2,-591.8
0.23,0.209,1.34,800,10,0,0,0,28.75,3,0,0,0,2,-580.2
0.23,0.198,1.27,800,16.2,0,0,0,27.5,3,0,0,0,2,-555.5
0.35,0.3,0,1360,0,17.6,0,0,0,0.42,0,100,61,2,-554.2
0.316,0.3,0,1526,0,0,0,5.26,0,0,0,0,0,2,-549.7
0.333,0.3,0,1445,0,0,0,11.1,0,0,0,0,0,2,-523.1
0.3,0.258,1.11,800,16.2,0,0,0,25,3,0,0,0,2,-521.9
0.3,0.3,0,1606,0,0,0,0,0,0,0,0,0,2,-513.3
0.23,0.209,1.34,800,10,0,0,0,28.75,3,0,0,0,2,-512.6
0.3,0.258,1.98,600,16.2,0,0,0,44.67,3,0,0,0,2,-505.2
0.26,0.224,1.58,700,16.2,0,0,0,34.86,3,0,0,0,2,-502.4
0.23,0.198,1.27,800,16.2,0,0,0,27.5,3,0,0,0,2,-502
0.35,0.3,0,1370,0,0,17.6,0,0,0.42,0,100,61,2,-497.8
0.33,0.18,2,578,45.5,36.3,0,0,0,2.5,0,120,6,2,-495.1
0.513,0.3,5.69,296,0,71.6,0,0,0,0.78,0,0,0,2,-494.4
0.23,0.192,1.24,800,20,0,0,0,26.25,3,0,0,0,2,-491.1
0.3,0.3,0,533,0,0,0,0,0,0,0,0,0,2,-476.6
0.375,0.3,0,1285,0,0,0,25,0,0,0,0,0,2,-469.4
0.353,0.3,0,1365,0,0,0,17.6,0,0,0,0,0,2,-465.1
0.26,0.224,1.58,700,16.2,0,0,0,34.86,3,0,0,0,2,-461.9
0.24,0.2,0,1030,19.7,0,0,0,23.8,1.44,0.38,40,21,2,-455.2
0.25,0.19,1.96,696,30,0,0,0,0,3,0.6,120,20,2,-454.4
0.18,0.18,1,1143,0,0,0,0,0,3.7,0,0,0,2,-441.3
0.26,0.224,1.2,800,16.2,0,0,0,26.88,3,0,0,0,2,-441
0.23,0.219,1.38,800,5,0,0,0,30.63,3,0,0,0,2,-433
0.33,0.297,3.82,450,11,0,0,0,0,0,0,0,0,2,-411
0.3,0.3,0,533,0,0,0,0,0,0,0,0,0,2,-409.1
0.5,0.5,0,1215,0,0,0,0,0,0,0,0,0,2,-395.5
0.43,0.3,0,1105,0,42.8,0,0,0,0.42,0,100,61,2,-395.2
0.3,0.18,1.52,663,6.3,62,0,0,0,2,0.2,471,15,2,-392.7
0.24,0.216,1.99,715,11.19,0,0,0,0,1.8,0,0,0,2,-392.3
0.3,0.258,1.98,600,16.2,0,0,0,44.67,3,0,0,0,2,-389.7
0.38,0.38,3.9,380,0,0,0,0,0,0,0,0,0,2,-389.4
0.3,0.3,3,550,0,0,0,0,0,0,0,0,0,2,-382.2
0.3,0.258,1.11,800,16.2,0,0,0,25,3,0,0,0,2,-382
0.353,0.3,0,1387,0,0,11.76,0,5.88,0.25,0,0,0,2,-375.4
0.27,0.27,3.05,550,0,0,0,0,0,6.36,0,0,0,2,-361.1
0.27,0.27,3.05,550,0,0,0,0,0,6.36,0,0,0,2,-360.4
0.4,0.2,4.28,350,0,0,100,0,0,1.5,0,0,0,2,-349.9
0.25,0.25,0,1544,0,0,0,0,0,0,0.92,200,13,2,-349
0.3,0.3,3.04,485,0,0,0,0,0,0,0,0,0,2,-344.9
0.3,0.3,3.04,485,0,0,0,0,0,0,0,0,0,2,-340.4
0.43,0.3,0,1124,0,0,42.8,0,0,0.42,0,100,61,2,-333.2
0.3,0.3,3.04,485,0,0,0,0,0,0,0,0,0,2,-329.5
0.6,0.3,0,776,0,100,0,0,0,0.42,0,100,61,2,-324.8
0.526,0.5,0,1154,0,0,0,5.26,0,0,0,0,0,2,-322.5
0.3,0.27,3.36,495,0,11.11,0,0,0,7.07,0,0,0,2,-322.4
0.3,0.27,3.36,495,0,11.11,0,0,0,0,0,0,0,2,-322
0.27,0.27,3.05,550,0,0,0,0,0,0,0,0,0,2,-317
0.2,0.2,2.14,700,0,0,0,0,0,2,0,0,0,2,-303.9
0.3,0.27,1.74,700,10,0,0,0,0,1.8,0,324,20,2,-303
0.3,0.18,1.52,663,6.3,62,0,0,0,2,0.2,95,15,2,-301.5
0.3,0.3,0,1619,0,0,0,0,0,0.3,0,0,0,2,-298.9
0.429,0.3,0,1142,0,0,28.5,0,14.3,0.25,0,0,0,2,-298.1
0.4,0.22,2,556,45.5,36.3,0,0,0,2.5,0,120,6,2,-292.2
0.3,0.18,1.52,663,6.3,62,0,0,0,2,0.4,471,15,2,-284.4
0.28,0.252,3.4,505,11.09,0,0,0,0,5,0,0,0,2,-277.9
0.277,0.25,3.4,505,11.1,0,0,0,0,5,0,0,0,2,-276.3
0.5,0.3,5.61,300,0,67.3,0,0,0,0.9,0,0,0,2,-273.9
0.33,0.18,2,578,45.5,36.3,0,0,0,2.5,0.6,120,6,2,-266.2
0.34,0.272,3.73,440,0,25,0,0,0,7.95,0,0,0,2,-261.7
0.3,0.3,0,533,0,0,0,0,0,0,0,0,0,2,-258.9
0.3,0.18,1.52,663,6.3,62,0,0,0,2,0.13,62.8,35,2,-254.4
0.34,0.272,3.73,440,0,25,0,0,0,7.95,0,0,0,2,-253.9
0.34,0.34,4,450,0,0,0,0,0,0,0,0,0,2,-250.2
0.555,0.5,0,1093,0,0,0,11.1,0,0,0,0,0,2,-246.4
0.307,0.2,3.29,455,0,53.8,0,0,0,1.7,0,0,0,2,-243
0.64,0.38,6.46,270,0,0,100,0,0,0.8,0.47,175,13,2,-238.9
0.28,0.25,0,1567,11.1,0,0,0,0,0,0.7,200,13,2,-238.3
0.34,0.272,3.73,440,0,25,0,0,0,0,0,0,0,2,-235.1
0.6,0.3,0,798,0,0,100,0,0,0.42,0,100,61,2,-229.6
1.6,0.32,0,316.2,0,0,400,0,0,0,0,0,0,2,-227.9
0.3,0.3,2.5,600,0,0,0,0,0,1,0,0,0,2,-219.6
0.354,0.354,3.98,438,0,0,0,0,0,1,0,0,0,2,-215.6
0.25,0.25,2.98,576,0,0,0,0,0,5,0,0,0,2,-212.6
0.49,0.38,4.95,351,0,0,53.8,0,0,0.8,0.47,175,13,2,-212.2
0.25,0.25,2.98,576,0,0,0,0,0,5,0,0,0,2,-209
0.31,0.31,3.4,500,0,0,0,0,0,7,0,0,0,2,-203
0.625,0.47,4,387,0,0,0,0,33.3,0,0,0,0,2,-202.6
0.588,0.5,0,1032,0,0,0,17.6,0,0,0,0,0,2,-202.5
0.31,0.31,3.4,500,0,0,0,0,0,7,0,0,0,2,-202.1
0.32,0.32,3.2,541,0,0,0,0,0,0.8,0,175,13,2,-200.6
0.63,0.504,6.42,288,0,25,0,0,0,0,0,0,0,2,-196.8
0.25,0.25,2.82,582,0,0,0,0,0,1.4,0,200,13,2,-189.6
0.3,0.3,3.1,533,0,0,0,0,0,0.3,0,0,0,2,-186.1
0.55,0.47,3.52,440,0,0,0,0,17.64,0,0,0,0,2,-184.5
0.34,0.306,3.74,450,0,11.11,0,0,0,0,0,0,0,2,-183.1
0.3,0.3,2.73,583,0,0,0,0,0,1,0,0,0,2,-182.1
0.34,0.306,3.74,450,0,11.11,0,0,0,7.78,0,0,0,2,-182
0.6,0.3,5,300,0,0,100,0,0,0.75,0,0,0,2,-175
0.3,0.18,1.52,663,6.3,62,0,0,0,2,0.4,95,15,2,-174.6
0.38,0.266,4.22,385,0,42.85714286,0,0,0,9.09,0,0,0,2,-174.1
0.28,0.252,2.82,576,11.11,0,0,0,0,2,0,0,0,2,-173.4
0.3,0.3,2.72,583,0,0,0,0,0,1,0,0,0,2,-172.6
0.31,0.31,3.4,500,0,0,0,0,0,0,0,0,0,2,-172.1
0.38,0.266,4.22,385,0,42.86,0,0,0,0,0,0,0,2,-170
0.6,0.3,0,776,0,100,0,0,0,0.42,0.22,100,61,2,-168.6
0.25,0.192,1.96,696,0,0,0,0,0,3,0,0,0,2,-168.5
0.44,0.44,1.35,600,0,0,0,0,0,1.4,0,100,20,2,-166.1
0.3,0.27,1.74,700,10,0,0,0,0,1.8,0.3,324,20,2,-164.3
0.24,0.2,0,1030,19.7,0,0,0,23.8,1.44,0.57,40,21,2,-162.5
0.39,0.312,4.17,400,0,25,0,0,0,8.75,0,0,0,2,-160.4
0.39,0.312,4.17,400,0,25,0,0,0,0,0,0,0,2,-156.6
0.38,0.304,3.95,377,25,0,0,0,0,0,0,0,0,2,-156.5
0.457,0.32,0,1106,0,0,14.3,0,28.6,0,0,0,0,2,-156.5
0.4,0.38,4,432.8,0,0,25,0,0,0.8,0.47,175,13,2,-156
0.39,0.312,4.17,400,0,25,0,0,0,8.75,0,0,0,2,-155.6
0.416,0.25,1.2,585,25,0,41.6,0,0,1.4,0,0,0,2,-148.5
0.625,0.5,0,972,0,0,0,25,0,0,0,0,0,2,-147.5
0.35,0.35,3.85,450,0,0,0,0,0,7.78,0,0,0,2,-147.2
0.443,0.374,4.97,350,0,18.28,0,0,0,1,0,0,0,2,-143.4
0.3,0.3,3.1,533,0,0,0,0,0,0.3,0,0,0,2,-142.7
0.492,0.385,5.53,315,7.6,20.3,0,0,0,1,0,0,0,2,-138.2
0.27,0.25,3.79,456,7.89,0,0,0,0,7.68,0,0,0,2,-137.6
0.3,0.3,2.82,582,0,0,0,0,0,1.2,0,200,13,2,-135.6
0.27,0.27,1.53,850,0,0,0,0,0,0,0,0,0,2,-132.9
0.3,0.27,1.74,700,10,0,0,0,0,1.8,0,586,20,2,-131.5
0.35,0.35,3.85,450,0,0,0,0,0,0,0,0,0,2,-129.1
0.22,0.157,0,1446,0,0,0,0,40,1.2,0,0,0,2,-127.6
0.44,0.352,4.73,360,0,25,0,0,0,9.72,0,0,0,2,-124
0.352,0.3,3.08,496,0,17.7,0,0,0,1.8,0,0,0,2,-122.9
0.44,0.352,4.73,360,0,25,0,0,0,0,0,0,0,2,-122.6
0.352,0.3,3.08,496,17.74,0,0,0,0,2.5,0,0,0,2,-121.9
0.44,0.308,4.72,350,0,42.86,0,0,0,0,0,0,0,2,-121.5
0.44,0.308,4.72,350,0,42.86,0,0,0,10,0,0,0,2,-120.5
0.462,0.3,3.85,390,0,53.8,0,0,0,0.9,0,0,0,2,-120.3
0.324,0.3,2.86,540,8.15,0,0,0,0,2.2,0,0,0,2,-120.2
0.33,0.33,3.45,512,0,0,0,0,0,0.65,0,225,13,2,-118.8
0.3,0.18,1.52,663,6.3,62,0,0,0,2,0.6,471,15,2,-116.1
0.429,0.3,3.676,408,14.2,28.7,0,0,0,2.1,0,0,0,2,-115.9
0.38,0.38,3.69,468,0,0,0,0,0,1,0,125,10,2,-114.4
0.54,0.27,5,311,0,0,100,0,0,2,0,0,0,2,-112.7
1.6,0.32,0,316.2,0,0,300,0,100,0,0,0,0,2,-112.3
0.26,0.234,4.02,446,11.21,0,0,0,0,0,0,0,0,2,-110.9
0.3,0.27,1.74,700,10,0,0,0,0,1.8,0.3,324,20,2,-110.3
0.429,0.3,3.679,408,0,42.9,0,0,0,1.7,0,0,0,2,-109.8
0.26,0.247,3.83,471,5.31,0,0,0,0,0,0,0,0,2,-107.5
0.305,0.28,3.19,531,9.2,0,0,0,0,1.88,0,0,0,2,-107.5
0.22,0.22,0.4,1446,0,0,0,0,0,1,0,0,0,2,-107.4
0.3,0.3,2.679,583,0,0,0,0,0,1.9,0,0,0,2,-106.5
0.39,0.351,4.14,424,11.08,0,0,0,0,2,0,0,0,2,-106
0.352,0.3,3.08,496,5.84,11.69,0,0,0,1.9,0,0,0,2,-105.8
0.3,0.3,0,1619,0,0,0,0,0,0.42,0.257,40,21,2,-105.7
0.36,0.36,3.5,500,0,0,0,0,0,0.7,0,0,0,2,-105
0.44,0.157,0,714,0,0,100,0,60,0.8,0,0,0,2,-104.3
0.44,0.44,1.35,600,0,0,0,0,0,1.4,0.4,100,20,2,-101
0.22,0.175,0.149,1446,0,0,0,0,25,1.2,0,0,0,2,-99.2
0.44,0.44,1.35,600,0,0,0,0,0,1.4,0.2,100,20,2,-98.5
0.44,0.44,1.35,600,0,0,0,0,0,1.4,0.6,100,20,2,-98
0.30044843,0.26,4.02,446,11.2,0,0,0,0,2,0,0,0,2,-97.2
0.57,0.392,2.2,638,0,42.85,0,2.85,0,0.39,0,0,0,2,-96.3
0.24,0.2,0,1030,19.7,0,0,0,23.8,1.44,0.3,100,27,2,-88.6
0.387,0.35,3.5,490,11.22,0,0,0,0,1.88,0,0,0,2,-86.3
0.3,0.27,3.91,446,11.21,0,0,0,0,0,0,0,0,2,-86.1
0.33,0.33,3.45,512,0,0,0,0,0,0.65,0.17,225,13,2,-86
0.5,0.45,5.36,340,11.18,0,0,0,0,1.56,0,0,0,2,-85
0.3,0.3,2.64,500,0,0,0,0,0,0,0,0,0,2,-84.8
0.3,0.285,3.73,471,5.31,0,0,0,0,0,0,0,0,2,-84
0.3,0.25,0,1440,20,0,0,0,0,1,0.3,54,12.5,2,-81.2
0.416,0.25,1.2,585,0,0,66.6,0,0,1.4,0,0,0,2,-80.9
0.3,0.3,0,1619,0,0,0,0,0,0.42,0.38,40,21,2,-79.6
0.37,0.333,3.87,444,11.04,0,0,0,0,1.5,0,0,0,2,-78.7
0.37,0.336,3.87,444,10,0,0,0,0,1.5,0,0,0,2,-77.4
0.367,0.33,3.86,444,11,0,0,0,0,1.5,0,0,0,2,-76.5
0.4,0.4,1.54,920,0,0,0,0,0,0.39,0,0,0,2,-76.5
0.3,0.18,1.52,663,6.3,62,0,0,0,2,0.6,95,15,2,-75.8
0.367,0.33,3.867,444,11.03,0,0,0,0,1.5,0,0,0,2,-75.2
0.27,0.27,2.53,622,0,0,0,0,0,2,0,0,0,2,-73.7
0.37,0.336,4.06,440,10,0,0,0,0,1.02,0,0,0,2,-73.6
0.324,0.3,3.73,472,5.3,0,0,0,0,1.47,0,0,0,2,-72.9
0.342,0.3,3.91,447,11.2,0,0,0,0,1.64,0,0,0,2,-72.6
0.38,0.38,3.75,455,0,0,0,0,0,7.69,0,0,0,2,-71.6
0.37,0.342,3.72,461,8.1,0,0,0,0,2.58,0,0,0,2,-70.9
0.313,0.25,1.2,780,25,0,0,0,0,1.4,0,0,0,2,-70.8
0.65,0.65,7.96,250,0,0,0,0,0,0.25,0,0,0,2,-70.7
0.28,0.28,2.94,589,0,0,0,0,0,1.1,0,0,0,2,-67.5
0.435,0.297,3.74,415.9,0,0,0,10.5,36.2,1.46,0,0,0,2,-66.6
0.25,0.25,1.2,975,0,0,0,0,0,1.4,0,0,0,2,-66.5
0.43,0.43,2.51,685,0,0,0,0,0,1,0,0,0,2,-65.2
0.492,0.47,3.15,493,0,0,0,0,5.26,0,0,0,0,2,-64.7
0.33,0.33,3.45,512,0,0,0,0,0,0.7,0,137,20,2,-64.6
0.3,0.27,1.74,700,10,0,0,0,0,1.8,0.3,586,20,2,-64.3
0.43,0.3,0,1105,0,42.8,0,0,0,0.42,0.22,100,61,2,-64.1
0.386,0.27,3.59,435,0,0,43,0,0,2,0,0,0,2,-63.8
0.34,0.34,3.77,453,0,0,0,0,0,7.73,0,0,0,2,-62.8
0.3,0.3,0,1619,0,0,0,0,0,0.42,0.257,100,21,2,-62
0.64,0.32,6.22,263,0,0,100,0,0,1.8,0,0,0,2,-61.3
0.25,0.227,3.22,545,10.09,0,0,0,0,1.98,0,0,0,2,-60.4
0.32,0.216,4.12,400,0,0,0,0,48,1.19,0,0,0,2,-59.9
0.308,0.213,3.14,497,10,0,0,0,34,2.07,0,0,0,2,-59.8
0.355,0.32,0,1423,0,0,0,0,11.1,0,0,0,0,2,-58.8
0.38,0.352,3.77,453,7.95,0,0,0,0,7.73,0,0,0,2,-58.4
0.26,0.26,3.7,496,0,0,0,0,0,0,0,0,0,2,-57
0.37,0.353,4,430,4.88,0,0,0,0,0.6,0,0,0,2,-56.3
0.571,0.4,2.2,642,0,42.85,0,0,0,0.39,0,0,0,2,-55.6
0.32,0.296,3.77,453,7.95,0,0,0,0,7.73,0,0,0,2,-55
0.43,0.398,3.83,413,8.1,0,0,0,35.79,2.66,0,0,0,2,-54.7
0.4,0.4,3.92,438,0,0,0,0,0,0.6,0,0,0,2,-52.5
0.35,0.332,3.58,471,5.31,0,0,0,0,0,0,0,0,2,-52.3
0.615,0.4,4.615,325,0,53.8,0,0,0,0.7,0,0,0,2,-51.2
0.35,0.315,3.75,446,11.21,0,0,0,0,0,0,0,0,2,-51
0.3,0.25,0,1440,20,0,0,0,0,0.8,0.1,200,35,2,-50.7
0.4,0.4,3.92,438,0,0,0,0,0,0.6,0,0,0,2,-50.6
0.25,0.227,3.22,545,10.09,0,0,0,0,1.98,0,0,0,2,-50.1
0.64,0.32,0,790.5,0,0,60,0,40,0,0,0,0,2,-49.9
0.3,0.3,0,1619,0,0,0,0,0,0.42,0.57,40,21,2,-49.7
0.36,0.328,3.82,445,9.89,0,0,0,0,0.85,0,0,0,2,-47
0.376,0.35,3.58,473,5.3,0,0,0,0,1.34,0,0,0,2,-47
0.26,0.26,3.7,496,0,0,0,0,0,1.81,0,0,0,2,-45.8
0.3,0.3,3.6,497,0,0,0,0,0,0,0,0,0,2,-45.7
0.3,0.274,3.28,530,9.62,0,0,0,0,1.43,0,0,0,2,-45.4
0.37,0.336,4.06,440,10,0,0,0,0,1.02,0,0,0,2,-45.3
0.45,0.428,4.3,400,0,5,0,0,0,0.7,0,0,0,2,-44.4
0.457,0.32,0,1106,0,0,28.6,0,14.3,0,0,0,0,2,-41.7
0.33,0.33,3.39,506,0,0,0,0,0,1.5,0,0,0,2,-41.6
0.3,0.3,3.6,497,0,0,0,0,0,1.45,0,0,0,2,-41.6
0.396,0.35,3.75,447,11.2,0,0,0,0,1.5,0,0,0,2,-41.6
0.4,0.4,3,500,0,0,0,0,0,0.8,0,0,0,2,-41.5
0.25,0.25,2.82,582,0,0,0,0,0,1.4,0.35,200,13,2,-40.1
0.4,0.32,0,1264,0,0,0,0,25,0,0,0,0,2,-39.8
0.33,0.33,3.45,512,0,0,0,0,0,0.7,0.05,137,20,2,-39.7
0.32,0.38,3.2,541,0,0,0,0,0,0.8,0.47,175,13,2,-39.6
0.5,0.5,5.09,350,0,0,0,0,0,0.3,0,0,0,2,-39.1
0.5,0.5,5.09,350,0,0,0,0,0,0.3,0,0,0,2,-38.9
0.33,0.33,3.45,512,0,0,0,0,0,0.65,0.35,225,13,2,-37.9
0.31,0.282,3.56,495,10.1,0,0,0,0,0.93,0,0,0,2,-37.7
0.3,0.274,3.28,530,9.62,0,0,0,0,1.43,0,0,0,2,-37.6
0.33,0.33,3.39,506,0,0,0,0,0,1.5,0,0,0,2,-37.6
0.64,0.32,0,790.5,0,0,80,0,20,0,0,0,0,2,-37.4
0.6,0.529,5.63,300,0,30,0,0,0,0.7,0,0,0,2,-37
0.457,0.32,4.47,368,0,0,42.6,0,0,1.8,0,0,0,2,-36.2
0.43,0.43,4.33,383,0,0,0,0,42.5,3.58,0,0,0,2,-36.2
0.37,0.336,3.37,444,10,0,0,0,0,2,0,0,0,2,-34.7
0.74,0.37,7.48,227,0,0,100,0,0,1.8,0,0,0,2,-34.3
0.3,0.3,0,533,0,0,0,0,0,0,0,0,0,2,-32.3
0.37,0.348,3.94,470,6.38,0,0,0,0,2.08,0,0,0,2,-31.8
0.44,0.176,0.3,714,0,0,100,0,50,0.8,0,0,0,2,-30.6
0.6,0.6,6.43,292,0,0,0,0,0,0.3,0,0,0,2,-29.6
0.53,0.53,5.25,350,0,0,0,0,0,0,0,0,0,2,-29.2
0.86,0.86,4.75,457,0,0,0,0,0,0,0,0,0,2,-28.9
0.6,0.6,6.43,292,0,0,0,0,0,0.1,0,0,0,2,-28.4
0.32,0.32,3.15,525,0,0,0,0,0,1.8,0,0,0,2,-26.6
0.305,0.28,3.19,530,0,0,0,8.86,0,1.57,0,0,0,2,-26.5
0.65,0.43,5.86,283,0,0,0,0,67.8,1.23,0,0,0,2,-26.4
0.528,0.37,5.36,318,0,0,42.8,0,0,1.8,0,0,0,2,-25.3
0.36,0.328,3.82,445,9.89,0,0,0,0,0.85,0,0,0,2,-25.2
0.35,0.35,3.13,547,0,0,0,0,0,1.07,0,0,0,2,-25
0.33,0.33,3.45,512,0,0,0,0,0,0.65,0.49,225,13,2,-24.8
0.41,0.348,4.39,403,0,17.65,0,0,0,0,0,0,0,2,-24.5
0.386,0.35,3.5,492,0,0,0,11.2,0,1.44,0,0,0,2,-23
0.42,0.358,4.85,374,0,17.46,0,0,0,0,0,0,0,2,-22.6
0.41,0.352,4.35,425,16.47,0,0,0,0,3.14,0,0,0,2,-22
0.3,0.25,0,1440,20,0,0,0,0,1,0.3,69,12.5,2,-21.4
0.37,0.336,4.06,440,10,0,0,0,0,1.02,0,0,0,2,-20.5
0.35,0.35,3.5,498,0,0,0,0,0,0,0,0,0,2,-20.4
0.4,0.34,5.04,368,0,17.74,0,0,0,0,0,0,0,2,-20.2
0.58,0.58,7.15,275,0,0,0,0,0,0,0,0,0,2,-19.8
0.44,0.44,3.7,450,0,0,0,0,0,3,0,0,0,2,-19.6
0.39,0.39,4.06,450,0,0,0,0,0,1.31,0,0,0,2,-19.6
0.84,0.42,8.72,200,0,0,100,0,0,1.8,0,0,0,2,-19.2
0.42,0.359,4.13,415,0,17.14,0,0,0,0,0,0,0,2,-19.1
0.42,0.359,4.15,415,0,17.14,0,0,0,0,0,0,0,2,-18.9
0.35,0.35,3.5,498,0,0,0,0,0,0.82,0,0,0,2,-18.6
0.8,0.4,6,250,0,0,100,0,0,0.5,0,0,0,2,-17
0.3,0.3,0,533,0,0,0,0,0,0,0,0,0,2,-15.9
0.58,0.58,4.75,337,0,0,0,0,0,0,0,0,0,2,-14
0.33,0.33,3.39,506,0,0,0,0,0,0,0,0,0,2,-13.9
0.5,0.35,7.09,266,0,42.85,0,0,0,0.6,0,0,0,2,-12.7
0.5,0.5,4.66,370,0,0,0,0,0,0,0,0,0,2,-12.1
0.39,0.361,3.74,431,8.1,0,0,0,32.48,2.11,0,0,0,2,-12
1.6,0.32,0,316.2,0,0,350,0,50,0,0,0,0,2,-11.1
0.3,0.3,2.75,596.3,0,0,0,0,0,0.5,0.2,482,10.99,2,-10.9
0.3,0.273,3.69,490,10,0,0,0,0,1.76,0,0,0,2,-10.7
0.74,0.4,10.48,183.6,0,0,0,57.4,27.8,0.1,0,0,0,2,-10.1
0.56,0.56,4.57,350,0,0,0,0,0,1.43,0,0,0,2,-9.3
0.47,0.47,3,520,0,0,0,0,0,0,0,0,0,2,-9.2
0.32,0.305,4.12,455,5.05,0,0,0,0,1.12,0,0,0,2,-8.5
0.36,0.333,4.32,418,8.1,0,0,0,0,1.51,0,0,0,2,-8.1
0.35,0.35,3.96,450,0,0,0,0,0,2.5,0,0,0,2,-7.9
0.31,0.282,3.56,495,10.1,0,0,0,0,0.93,0,0,0,2,-7.1
0.5,0.5,4.66,370,0,0,0,0,0,9.46,0,0,0,2,-7
0.3,0.273,3.69,490,10,0,0,0,0,1.76,0,0,0,2,-6.3
0.4,0.4,5.26,360,0,0,0,0,0,0.6,0,0,0,2,-6.1
0.32,0.305,4.12,455,5.05,0,0,0,0,1.12,0,0,0,2,-5.7
0.63,0.504,5.74,296,0,25,0,0,0,11.82,0,0,0,2,-4.7
0.926,0.5,11.56,167.4,0,0,0,57.4,27.8,1,0,0,0,2,-4.4
0.47,0.47,4.5,385,0,0,0,0,0,0,0,0,0,2,-4.4
0.35,0.35,3.7,500,0,0,0,0,0,1.63,0,0,0,2,-4.2
0.937,0.47,6,258,0,0,100,0,0,0,0,0,0,2,-4.2
0.44,0.44,4.84,375,0,0,0,0,0,0,0,0,0,2,-4
0.32,0.305,4.12,455,5.05,0,0,0,0,1.12,0,0,0,2,-3.6
0.55,0.55,4.75,323,0,0,0,0,0,0,0,0,0,2,-3.2
0.63,0.504,5.74,296,0,25,0,0,0,0,0,0,0,2,-3.1
0.69,0.69,7.04,275,0,0,0,0,0,0,0,0,0,2,-2.6
0.37,0.37,3.77,454,0,0,0,0,0,1.8,0,0,0,2,-2
0.38,0.38,3.69,468,0,0,0,0,0,1,0.6,125,10,2,-1.7
0.643,0.45,9,217,0,42.85,0,0,0,0.65,0,0,0,2,-1.5
0.3,0.3,0,533,0,0,0,0,0,0,0,0,0,2,-1
0.3,0.3,2.75,588.6,0,0,0,0,0,0.5,0.4,482,10.99,2,-0.8
0.42,0.42,4.3875,400,0,0,0,0,0,1.8,0,0,0,2,-0.6
0.5,0.5,4,376,0,0,0,0,0,0,0,0,0,2,-0.3
0.47,0.47,4.5,385,0,0,0,0,0,0,0,0,0,2,-0.3
0.59,0.59,5.67,320,0,0,0,0,0,0,0,0,0,2,-0.2
0.46,0.46,3.73,452,0,0,0,0,0,0,0,0,0,2,-0.2
0.46,0.46,3.73,452,0,0,0,0,0,0,0,0,0,2,-0.2
0.285,0.26,3.83,471,5.3,0,0,0,0,1.78,0,0,0,2,0
0.35,0.35,3.96,450,0,0,0,0,0,2.5,0,0,0,2,0.1
0.5,0.5,6.24,310,0,0,0,0,0,0.02,0,0,0,2,0.9
0.45,0.45,4.75,291,0,0,0,0,0,0,0,0,0,2,0.9
0.46,0.46,3.73,452,0,0,0,0,0,0,0,0,0,2,1.5
0.35,0.35,3.96,450,0,0,0,0,0,2.5,0,0,0,2,1.6
0.47,0.47,4.5,385,0,0,0,0,0,0,0,0,0,2,2.3
0.6,0.42,6.24,280,0,0,42.9,0,0,1.8,0,0,0,2,3.5
0.46,0.46,3.73,452,0,0,0,0,0,0,0,0,0,2,3.8
0.35,0.35,3.96,450,0,0,0,0,0,2.5,0,0,0,2,4.3
0.39,0.351,4.11,450,11.11,0,0,0,0,2.6,0,0,0,2,5.1
0.55,0.55,4.75,360,0,0,0,0,0,0,0,0,0,2,5.5
0.75,0.75,4.75,425,0,0,0,0,0,0,0,0,0,2,5.8
0.3,0.3,2.75,586.2,0,0,0,0,0,0.5,0.4,535,12.7,2,6.2
0.8,0.8,4.75,405,0,0,0,0,0,0,0,0,0,2,7.3
0.33,0.33,3.39,506,0,0,0,0,0,0,0,0,0,2,8.6
0.33,0.33,3.45,512,0,0,0,0,0,0.7,0.16,137,20,2,9.8
0.54,0.54,4.75,326,0,0,0,0,0,0,0,0,0,2,10.1
0.3,0.273,3.69,490,10,0,0,0,0,1.76,0,0,0,2,10.9
0.59,0.59,5.67,320,0,0,0,0,0,0,0,0,0,2,12.1
0.8,0.8,4.75,389,0,0,0,0,0,0,0,0,0,2,12.1
0.32,0.32,0,1581,0,0,0,0,0,0,0,0,0,2,12.4
0.67,0.67,4.75,351,0,0,0,0,0,0,0,0,0,2,12.5
0.63,0.63,4.75,387,0,0,0,0,0,0,0,0,0,2,12.9
0.5,0.5,4.75,311,0,0,0,0,0,0,0,0,0,2,13
0.56,0.56,4.75,317,0,0,0,0,0,0,0,0,0,2,15.3
0.48,0.48,4.75,292,0,0,0,0,0,0,0,0,0,2,16.3
0.64,0.32,0,790.5,0,0,100,0,0,0,0,0,0,2,18.5
0.671,0.47,4.29,362,0,0,42.85,0,0,0,0,0,0,2,19.4
0.456,0.32,0,1107,0,0,42.8,0,0,0,0,0,0,2,19.9
0.3,0.3,2.75,588.6,0,0,0,0,0,0.5,0.6,482,10.99,2,21.1
0.42,0.42,4.32,418,0,0,0,0,0,0,0,0,0,2,22.9
0.25,0.25,2.82,582,0,0,0,0,0,2,0.7,200,13,2,23.1
0.3,0.18,1.52,663,6.3,62,0,0,0,2,0.4,62.8,35,2,25.1
0.45,0.45,4.53,357,0,0,0,0,55.71,0,0,0,0,2,25.7
0.545,0.3,0,898,0,0,54.5,0,27.3,0.25,0,0,0,2,26.3
0.76,0.76,4.75,383,0,0,0,0,0,0,0,0,0,2,29
0.35,0.3,0,1360,0,17.6,0,0,0,0.42,0.22,100,61,2,30.2
0.3,0.27,1.74,700,10,0,0,0,0,1.8,0.6,586,20,2,30.8
0.62,0.62,4.75,344,0,0,0,0,0,0,0,0,0,2,33.4
0.3,0.3,2.75,591.7,0,0,0,0,0,0.5,0.4,166,8.75,2,34
0.35,0.3,0,1370,0,0,17.6,0,0,0.42,0.22,100,61,2,34.1
0.3,0.27,1.74,700,10,0,0,0,0,1.8,0.3,586,20,2,34.9
0.4,0.4,4.75,267,0,0,0,0,0,0,0,0,0,2,38.7
0.3,0.3,0,533,0,0,0,0,0,0,0,0,0,2,38.8
0.3,0.3,2.75,597.3,0,0,0,0,0,0.5,0.4,645,4.82,2,39.5
0.33,0.33,3.45,512,0,0,0,0,0,0.7,0.26,137,20,2,41.6
0.522,0.47,3.33,467,0,0,11.1,0,0,0,0,0,0,2,43.9
0.37,0.336,3.39,444,10,0,0,0,0,2,0,0,0,2,44.9
0.67,0.67,4.75,366,0,0,0,0,0,0,0,0,0,2,48
0.37,0.336,2.55,444,10,0,0,0,0,1.8,0,0,0,2,49.7
0.3,0.27,1.74,700,10,0,0,0,0,1.8,0.6,324,20,2,61
0.3,0.25,0,1440,20,0,0,0,0,1,0.3,82.5,12.5,2,80.6
0.4,0.4,3.63,450,0,0,0,0,0,0.1,0,0,0,2,88.4
0.4,0.4,0,450,0,0,0,0,0,0,0,0,0,2,93.7
0.3,0.27,1.74,700,10,0,0,0,0,1.8,0.3,130,20,2,101.6
0.37,0.336,2.6,444,10,0,0,0,0,2.2,0,0,0,2,106
0.4,0.4,3.63,450,0,0,0,0,0,0.1,0,0,0,2,112.1
0.25,0.25,0,1762,0,0,0,0,0,0,0.7,200,13,2,117.6
0.3,0.25,0,1440,20,0,0,0,0,1,0.3,107.5,12.5,2,128.6
0.6,0.3,0,798,0,0,100,0,0,0.42,0.22,100,61,2,149
0.43,0.3,0,1124,0,0,42.8,0,0,0.42,0.22,100,61,2,194.5
0.3,0.27,1.74,700,10,0,0,0,0,1.8,0.6,130,20,2,197.9
0.3,0.25,0,1440,20,0,0,0,0,1,0.3,205,12.5,2,286.7
0.3,0.3,0,1619,0,0,0,0,0,0.42,0.2,100,27,2,364.8
0.3,0.25,0,1440,20,0,0,0,0,1,0.3,142,12.5,2,446.8
0.3,0.25,0,1440,20,0,0,0,0,1,0.6,107.5,12.5,2,543.4
0.3,0.25,0,1440,20,0,0,0,0,1,0.6,142,12.5,2,670.5
0.3,0.25,0,1440,20,0,0,0,0,0.8,0.3,200,20,2,688.5
0.3,0.25,0,1440,20,0,0,0,0,1,0.6,205,12.5,2,791.2
0.3,0.25,0,1440,20,0,0,0,0,0.8,0.6,200,20,2,865.9
0.3,0.25,0,1440,20,0,0,0,0,0.8,0.2,200,35,2,983.4
0.3,0.25,0,1440,20,0,0,0,0,0.8,0.4,200,35,2,1029.2
0.3,0.25,0,1440,20,0,0,0,0,0.8,0.3,200,35,2,1166.7
0.17,0.168,1.47,864,1.16,0,0,0,0,0.16,0,0,0,7,-3818.9
0.3,0.25,0,1440,20,0,0,0,0,0.8,0,200,20,7,-3081.2
0.3,0.25,0,1440,20,0,0,0,0,0.8,0,200,35,7,-2958.8
0.25,0.25,0,1762,0,0,0,0,0,0,0,200,13,7,-2780.7
0.3,0.25,0,1440,20,0,0,0,0,0,0,107.5,12.5,7,-2489.5
0.28,0.25,0,1567,11.1,0,0,0,0,0,0,200,13,7,-2474.8
0.34,0.28,0,1367,20,0,0,0,0,0,0,107.5,12.5,7,-2358.3
0.253,0.16,1.35,720,19.4,38.9,0,0,0,3.47,0,0,0,7,-2089.7
0.38,0.31,0,1300,20,0,0,0,0,0,0,107.5,12.5,7,-2085
0.23,0.23,0,670,0,0,0,0,0,0.049,0,0,0,7,-1929.8
0.23,0.227,0,670,1.49,0,0,0,0,0.05,0,0,0,7,-1650.2
0.24,0.2,0,1030,19.7,0,0,0,23.8,1.44,0,40,21,7,-1484.3
0.3,0.3,0,533,0,0,0,0,0,0,0,0,0,7,-1469.3
0.455,0.16,2.425,400,35,70,0,0,80,6.25,0,0,0,7,-1382.9
0.3,0.3,0,533,0,0,0,0,0,0,0,0,0,7,-1359.4
0.19,0.171,1.47,864,10.88,0,0,0,0,2.5,0,0,0,7,-1276.6
0.24,0.2,0,1030,19.7,0,0,0,23.8,1.44,0.257,40,21,7,-1210.9
0.24,0.182,1.472,750,15.3,16.6,0,0,0,3.33,0,0,0,7,-1177.8
0.3,0.3,0,1632,0,0,0,0,0,0.25,0,0,0,7,-1165.6
0.3,0.3,0,1620,0,0,0,0,0,0.42,0,100,61,7,-1108.3
0.25,0.25,0,1544,0,0,0,0,0,0,0,200,13,7,-1088.1
0.316,0.3,0,1526,0,0,0,5.26,0,0,0,0,0,7,-1085.7
0.19,0.171,1.47,864,10.88,0,0,0,0,2.5,0,0,0,7,-1083.4
0.266,0.182,1.32,750,26.7,0,0,0,20,4.4,0,0,0,7,-1066
0.353,0.3,0,1387,0,0,11.76,0,5.88,0.25,0,0,0,7,-1060.7
0.33,0.18,2,578,45.5,36.3,0,0,0,2.5,0,120,6,7,-1044
0.353,0.3,0,1365,0,0,0,17.6,0,0,0,0,0,7,-967
0.3,0.3,0,533,0,0,0,0,0,0,0,0,0,7,-953.4
0.35,0.3,0,1370,0,0,17.6,0,0,0.42,0,100,61,7,-952
0.3,0.3,0,533,0,0,0,0,0,0,0,0,0,7,-945.9
0.429,0.3,0,1142,0,0,28.5,0,14.3,0.25,0,0,0,7,-943.3
0.333,0.3,0,1445,0,0,0,11.1,0,0,0,0,0,7,-943.3
0.3,0.3,0,1606,0,0,0,0,0,0,0,0,0,7,-931.5
0.3,0.3,0,1619,0,0,0,0,0,0.42,0,40,21,7,-925.8
0.28,0.25,0,1567,11.1,0,0,0,0,0,0.35,200,13,7,-924.7
0.333,0.182,1.65,600,33.3,0,0,0,50,5.5,0,0,0,7,-909
0.25,0.25,0,1762,0,0,0,0,0,0,0.35,200,13,7,-869.6
0.235,0.2,1.766,770,17.53,0,0,0,0,3,0,0,0,7,-845.3
0.3,0.3,0,533,0,0,0,0,0,0,0,0,0,7,-837.1
0.35,0.3,0,1360,0,17.6,0,0,0,0.42,0,100,61,7,-818.6
0.375,0.3,0,1285,0,0,0,25,0,0,0,0,0,7,-814.7
0.226,0.183,2.15,620,18.4,26.6,0,0,0,5.8,0,0,0,7,-813.2
0.4,0.182,1.98,500,40,0,0,0,80,6.6,0,0,0,7,-767.5
0.24,0.2,0,1030,19.7,0,0,0,23.8,1.44,0.38,40,21,7,-765.6
0.5,0.5,0,1215,0,0,0,0,0,0,0,0,0,7,-764
0.26,0.224,1.2,800,16.2,0,0,0,26.88,3,0,0,0,7,-755.5
0.526,0.5,0,1154,0,0,0,5.26,0,0,0,0,0,7,-743.4
0.22,0.22,2.03,750,0,0,0,0,0,1.4,0,0,0,7,-737.5
0.43,0.3,0,1124,0,0,42.8,0,0,0.42,0,100,61,7,-733.1
0.23,0.192,1.24,800,20,0,0,0,26.25,3,0,0,0,7,-698.1
0.366,0.3,3.9,431,0,22.5,0,0,0,0.9,0,0,0,7,-697.1
0.3,0.3,0,1619,0,0,0,0,0,0.3,0,0,0,7,-690.4
0.37,0.3,3.93,429,0,23.7,0,0,0,0.8,0,0,0,7,-684.6
0.25,0.25,0,1544,0,0,0,0,0,0,0.46,200,13,7,-683
0.23,0.219,1.38,800,5,0,0,0,30.63,3,0,0,0,7,-673.6
0.23,0.209,1.34,800,10,0,0,0,28.75,3,0,0,0,7,-660.5
0.5,0.182,2.475,400,50,0,0,0,125,8.25,0,0,0,7,-655.6
0.457,0.32,0,1106,0,0,14.3,0,28.6,0,0,0,0,7,-654.8
0.4,0.22,2,556,45.5,36.3,0,0,0,2.5,0,120,6,7,-653.7
0.23,0.198,1.27,800,16.2,0,0,0,27.5,3,0,0,0,7,-643.2
0.3,0.258,1.11,800,16.2,0,0,0,25,3,0,0,0,7,-635.6
0.3,0.3,3.06,550,0,0,0,0,0,0.9,0,0,0,7,-625.3
0.3,0.25,0,1440,20,0,0,0,0,1,0.3,54,12.5,7,-625.1
0.3,0.25,0,1440,20,0,0,0,0,1,0.3,69,12.5,7,-611.6
0.25,0.19,1.96,696,30,0,0,0,0,3,0.6,120,20,7,-596.8
0.33,0.18,2,578,45.5,36.3,0,0,0,2.5,0.6,120,6,7,-589.1
0.555,0.5,0,1093,0,0,0,11.1,0,0,0,0,0,7,-584.9
0.43,0.3,0,1105,0,42.8,0,0,0,0.42,0,100,61,7,-576.8
0.26,0.224,1.58,700,16.2,0,0,0,34.86,3,0,0,0,7,-575.5
0.3,0.258,1.98,600,16.2,0,0,0,44.67,3,0,0,0,7,-574.1
0.6,0.3,0,798,0,0,100,0,0,0.42,0,100,61,7,-568.1
0.23,0.209,1.34,800,10,0,0,0,28.75,3,0,0,0,7,-563.3
0.23,0.198,1.27,800,16.2,0,0,0,27.5,3,0,0,0,7,-537.1
0.23,0.192,1.24,800,20,0,0,0,26.25,3,0,0,0,7,-534.3
0.18,0.18,1,1143,0,0,0,0,0,3.7,0,0,0,7,-522.3
0.3,0.25,0,1440,20,0,0,0,0,1,0.3,82.5,12.5,7,-514.4
0.4,0.2,4.28,350,0,0,100,0,0,1.5,0,0,0,7,-512.9
0.3,0.18,1.52,663,6.3,62,0,0,0,2,0.2,471,15,7,-504.1
0.26,0.224,1.2,800,16.2,0,0,0,26.88,3,0,0,0,7,-499.1
0.513,0.3,5.69,296,0,71.6,0,0,0,0.78,0,0,0,7,-494.6
0.24,0.216,1.99,715,11.19,0,0,0,0,1.8,0,0,0,7,-492.7
0.33,0.297,3.82,450,11,0,0,0,0,0,0,0,0,7,-485.8
0.26,0.224,1.58,700,16.2,0,0,0,34.86,3,0,0,0,7,-485.5
0.24,0.2,0,1030,19.7,0,0,0,23.8,1.44,0.57,40,21,7,-468.1
0.3,0.3,3.04,485,0,0,0,0,0,0,0,0,0,7,-463.3
0.588,0.5,0,1032,0,0,0,17.6,0,0,0,0,0,7,-463.3
0.3,0.3,3.04,485,0,0,0,0,0,0,0,0,0,7,-463.1
0.3,0.25,0,1440,20,0,0,0,0,0.8,0.1,200,35,7,-461.5
0.3,0.3,3.04,485,0,0,0,0,0,0,0,0,0,7,-460.3
0.4,0.32,0,1264,0,0,0,0,25,0,0,0,0,7,-460
0.23,0.219,1.38,800,5,0,0,0,30.63,3,0,0,0,7,-453.1
1.6,0.32,0,316.2,0,0,400,0,0,0,0,0,0,7,-452.2
0.545,0.3,0,898,0,0,54.5,0,27.3,0.25,0,0,0,7,-449.6
0.3,0.25,0,1440,20,0,0,0,0,1,0.3,107.5,12.5,7,-434.9
0.44,0.44,1.35,600,0,0,0,0,0,1.4,0,100,20,7,-431.9
0.3,0.258,1.11,800,16.2,0,0,0,25,3,0,0,0,7,-431.1
1.6,0.32,0,316.2,0,0,300,0,100,0,0,0,0,7,-427.2
0.38,0.38,3.9,380,0,0,0,0,0,0,0,0,0,7,-420.7
0.3,0.27,1.74,700,10,0,0,0,0,1.8,0,324,20,7,-418.4
0.3,0.18,1.52,663,6.3,62,0,0,0,2,0.2,95,15,7,-417.7
0.25,0.192,1.96,696,0,0,0,0,0,3,0,0,0,7,-413.7
0.3,0.258,1.98,600,16.2,0,0,0,44.67,3,0,0,0,7,-410.1
0.3,0.18,1.52,663,6.3,62,0,0,0,2,0.13,62.8,35,7,-404.5
0.457,0.32,0,1106,0,0,28.6,0,14.3,0,0,0,0,7,-399.4
0.355,0.32,0,1423,0,0,0,0,11.1,0,0,0,0,7,-391.9
0.44,0.44,1.35,600,0,0,0,0,0,1.4,0.2,100,20,7,-389.1
0.27,0.27,3.05,550,0,0,0,0,0,6.36,0,0,0,7,-387.6
0.3,0.18,1.52,663,6.3,62,0,0,0,2,0.4,471,15,7,-385.9
0.416,0.25,1.2,585,25,0,41.6,0,0,1.4,0,0,0,7,-385.1
0.27,0.27,3.05,550,0,0,0,0,0,6.36,0,0,0,7,-383.8
0.27,0.27,3.05,550,0,0,0,0,0,0,0,0,0,7,-383.5
0.3,0.3,3.1,533,0,0,0,0,0,0.3,0,0,0,7,-380.7
0.64,0.32,0,790.5,0,0,60,0,40,0,0,0,0,7,-374.6
0.64,0.32,0,790.5,0,0,100,0,0,0,0,0,0,7,-373.8
0.3,0.27,3.36,495,0,11.11,0,0,0,0,0,0,0,7,-355.1
0.3,0.27,3.36,495,0,11.11,0,0,0,7.07,0,0,0,7,-354.3
0.38,0.304,3.95,377,25,0,0,0,0,0,0,0,0,7,-352.6
0.3,0.3,0,533,0,0,0,0,0,0,0,0,0,7,-348.5
0.25,0.25,0,1544,0,0,0,0,0,0,0.92,200,13,7,-347.7
0.2,0.2,2.14,700,0,0,0,0,0,2,0,0,0,7,-345.1
0.354,0.354,3.98,438,0,0,0,0,0,1,0,0,0,7,-344.6
0.44,0.44,1.35,600,0,0,0,0,0,1.4,0.6,100,20,7,-343.2
0.3,0.27,1.74,700,10,0,0,0,0,1.8,0,586,20,7,-340.5
0.625,0.47,4,387,0,0,0,0,33.3,0,0,0,0,7,-336.8
0.22,0.157,0,1446,0,0,0,0,40,1.2,0,0,0,7,-335.4
0.55,0.47,3.52,440,0,0,0,0,17.64,0,0,0,0,7,-332.8
0.44,0.44,1.35,600,0,0,0,0,0,1.4,0.4,100,20,7,-316.5
0.6,0.3,0,776,0,100,0,0,0,0.42,0,100,61,7,-311
0.456,0.32,0,1107,0,0,42.8,0,0,0,0,0,0,7,-310.4
0.3,0.18,1.52,663,6.3,62,0,0,0,2,0.4,95,15,7,-309.4
0.3,0.3,0,533,0,0,0,0,0,0,0,0,0,7,-307.8
0.54,0.27,5,311,0,0,100,0,0,2,0,0,0,7,-304.2
0.22,0.22,0.4,1446,0,0,0,0,0,1,0,0,0,7,-301.8
0.6,0.3,5,300,0,0,100,0,0,0.75,0,0,0,7,-300.3
0.5,0.3,5.61,300,0,67.3,0,0,0,0.9,0,0,0,7,-298.1
0.34,0.272,3.73,440,0,25,0,0,0,7.95,0,0,0,7,-294
0.34,0.272,3.73,440,0,25,0,0,0,7.95,0,0,0,7,-293.9
0.307,0.2,3.29,455,0,53.8,0,0,0,1.7,0,0,0,7,-292.6
0.34,0.272,3.73,440,0,25,0,0,0,0,0,0,0,7,-292.3
0.64,0.32,0,790.5,0,0,80,0,20,0,0,0,0,7,-289
0.3,0.18,1.52,663,6.3,62,0,0,0,2,0.6,471,15,7,-276.2
0.34,0.34,4,450,0,0,0,0,0,0,0,0,0,7,-270.3
0.3,0.3,2.5,600,0,0,0,0,0,1,0,0,0,7,-268.1
0.63,0.504,6.42,288,0,25,0,0,0,0,0,0,0,7,-267.8
0.305,0.28,3.19,531,9.2,0,0,0,0,1.88,0,0,0,7,-266.2
0.36,0.36,3.5,500,0,0,0,0,0,0.7,0,0,0,7,-263.1
0.625,0.5,0,972,0,0,0,25,0,0,0,0,0,7,-259.3
0.352,0.3,3.08,496,17.74,0,0,0,0,2.5,0,0,0,7,-256.4
0.27,0.27,1.53,850,0,0,0,0,0,0,0,0,0,7,-254.1
0.3,0.3,0,533,0,0,0,0,0,0,0,0,0,7,-252.4
0.3,0.27,1.74,700,10,0,0,0,0,1.8,0.3,324,20,7,-252
0.25,0.25,2.82,582,0,0,0,0,0,1.4,0,200,13,7,-250.9
0.4,0.4,0,450,0,0,0,0,0,0,0,0,0,7,-246.1
0.313,0.25,1.2,780,25,0,0,0,0,1.4,0,0,0,7,-245.4
0.28,0.25,0,1567,11.1,0,0,0,0,0,0.7,200,13,7,-244.7
0.492,0.47,3.15,493,0,0,0,0,5.26,0,0,0,0,7,-243.6
0.22,0.175,0.149,1446,0,0,0,0,25,1.2,0,0,0,7,-243
0.324,0.3,2.86,540,8.15,0,0,0,0,2.2,0,0,0,7,-236.6
0.367,0.33,3.86,444,11,0,0,0,0,1.5,0,0,0,7,-236
0.3,0.3,3.1,533,0,0,0,0,0,0.3,0,0,0,7,-235.3
0.3,0.27,1.74,700,10,0,0,0,0,1.8,0.3,324,20,7,-233.8
0.3,0.3,0,533,0,0,0,0,0,0,0,0,0,7,-232
0.3,0.3,2.72,583,0,0,0,0,0,1,0,0,0,7,-230.7
0.443,0.374,4.97,350,0,18.28,0,0,0,1,0,0,0,7,-230.6
0.44,0.157,0,714,0,0,100,0,60,0.8,0,0,0,7,-230.4
0.3,0.3,2.73,583,0,0,0,0,0,1,0,0,0,7,-230.2
0.387,0.35,3.5,490,11.22,0,0,0,0,1.88,0,0,0,7,-224.8
0.31,0.31,3.4,500,0,0,0,0,0,0,0,0,0,7,-223.5
0.31,0.31,3.4,500,0,0,0,0,0,7,0,0,0,7,-222.1
0.522,0.47,3.33,467,0,0,11.1,0,0,0,0,0,0,7,-221.7
0.47,0.47,3,520,0,0,0,0,0,0,0,0,0,7,-221.1
0.27,0.27,2.53,622,0,0,0,0,0,2,0,0,0,7,-219.2
0.27,0.25,3.79,456,7.89,0,0,0,0,7.68,0,0,0,7,-219
0.31,0.31,3.4,500,0,0,0,0,0,7,0,0,0,7,-218.9
1.6,0.32,0,316.2,0,0,350,0,50,0,0,0,0,7,-218.7
0.38,0.38,3.69,468,0,0,0,0,0,1,0,125,10,7,-218.5
0.33,0.33,3.45,512,0,0,0,0,0,0.7,0,137,20,7,-217.5
0.38,0.266,4.22,385,0,42.85714286,0,0,0,9.09,0,0,0,7,-217.2
0.3,0.3,2.679,583,0,0,0,0,0,1.9,0,0,0,7,-217
0.38,0.266,4.22,385,0,42.86,0,0,0,0,0,0,0,7,-216.1
0.28,0.28,2.94,589,0,0,0,0,0,1.1,0,0,0,7,-215
0.3,0.3,0,1619,0,0,0,0,0,0.42,0.257,40,21,7,-210.8
0.3,0.3,0,1619,0,0,0,0,0,0.42,0.257,100,21,7,-207.5
0.386,0.27,3.59,435,0,0,43,0,0,2,0,0,0,7,-206.3
0.28,0.252,2.82,576,11.11,0,0,0,0,2,0,0,0,7,-205.7
0.492,0.385,5.53,315,7.6,20.3,0,0,0,1,0,0,0,7,-203.8
0.34,0.306,3.74,450,0,11.11,0,0,0,0,0,0,0,7,-199.9
0.34,0.306,3.74,450,0,11.11,0,0,0,7.78,0,0,0,7,-197.8
0.429,0.3,3.676,408,14.2,28.7,0,0,0,2.1,0,0,0,7,-196.4
0.671,0.47,4.29,362,0,0,42.85,0,0,0,0,0,0,7,-195.5
0.3,0.18,1.52,663,6.3,62,0,0,0,2,0.6,95,15,7,-192.2
0.462,0.3,3.85,390,0,53.8,0,0,0,0.9,0,0,0,7,-191.8
0.352,0.3,3.08,496,0,17.7,0,0,0,1.8,0,0,0,7,-190.3
0.3,0.3,2.82,582,0,0,0,0,0,1.2,0,200,13,7,-187.1
0.308,0.213,3.14,497,10,0,0,0,34,2.07,0,0,0,7,-187
0.4,0.4,1.54,920,0,0,0,0,0,0.39,0,0,0,7,-183.6
0.352,0.3,3.08,496,5.84,11.69,0,0,0,1.9,0,0,0,7,-182.1
0.35,0.35,3.13,547,0,0,0,0,0,1.07,0,0,0,7,-179.3
0.416,0.25,1.2,585,0,0,66.6,0,0,1.4,0,0,0,7,-177.6
0.64,0.32,6.22,263,0,0,100,0,0,1.8,0,0,0,7,-177.3
0.26,0.234,4.02,446,11.21,0,0,0,0,0,0,0,0,7,-177.1
0.30044843,0.26,4.02,446,11.2,0,0,0,0,2,0,0,0,7,-174.3
0.37,0.342,3.72,461,8.1,0,0,0,0,2.58,0,0,0,7,-174
0.3,0.27,1.74,700,10,0,0,0,0,1.8,0.3,586,20,7,-173.8
0.429,0.3,3.679,408,0,42.9,0,0,0,1.7,0,0,0,7,-169.6
0.39,0.312,4.17,400,0,25,0,0,0,0,0,0,0,7,-169.1
0.26,0.247,3.83,471,5.31,0,0,0,0,0,0,0,0,7,-168.5
0.57,0.392,2.2,638,0,42.85,0,2.85,0,0.39,0,0,0,7,-168.5
0.3,0.3,0,533,0,0,0,0,0,0,0,0,0,7,-166.1
0.39,0.312,4.17,400,0,25,0,0,0,8.75,0,0,0,7,-165.9
0.39,0.312,4.17,400,0,25,0,0,0,8.75,0,0,0,7,-164.9
0.3,0.27,3.91,446,11.21,0,0,0,0,0,0,0,0,7,-164.6
0.33,0.33,3.45,512,0,0,0,0,0,0.7,0.05,137,20,7,-164
0.435,0.297,3.74,415.9,0,0,0,10.5,36.2,1.46,0,0,0,7,-161.9
0.342,0.3,3.91,447,11.2,0,0,0,0,1.64,0,0,0,7,-161.4
0.3,0.3,2.64,500,0,0,0,0,0,0,0,0,0,7,-161
0.25,0.25,1.2,975,0,0,0,0,0,1.4,0,0,0,7,-160.4
0.3,0.3,0,1619,0,0,0,0,0,0.42,0.38,40,21,7,-157.8
0.35,0.35,3.85,450,0,0,0,0,0,0,0,0,0,7,-157.7
0.43,0.398,3.83,413,8.1,0,0,0,35.79,2.66,0,0,0,7,-157.2
0.35,0.35,3.85,450,0,0,0,0,0,7.78,0,0,0,7,-156.3
0.3,0.285,3.73,471,5.31,0,0,0,0,0,0,0,0,7,-151.4
0.45,0.428,4.3,400,0,5,0,0,0,0.7,0,0,0,7,-150.9
0.25,0.227,3.22,545,10.09,0,0,0,0,1.98,0,0,0,7,-149.9
0.324,0.3,3.73,472,5.3,0,0,0,0,1.47,0,0,0,7,-148
0.37,0.336,3.37,444,10,0,0,0,0,2,0,0,0,7,-141.9
0.44,0.308,4.72,350,0,42.86,0,0,0,0,0,0,0,7,-141
0.44,0.308,4.72,350,0,42.86,0,0,0,10,0,0,0,7,-140
0.571,0.4,2.2,642,0,42.85,0,0,0,0.39,0,0,0,7,-136.6
0.43,0.43,2.51,685,0,0,0,0,0,1,0,0,0,7,-133.2
0.44,0.352,4.73,360,0,25,0,0,0,9.72,0,0,0,7,-130.3
0.44,0.352,4.73,360,0,25,0,0,0,0,0,0,0,7,-129.7
0.32,0.216,4.12,400,0,0,0,0,48,1.19,0,0,0,7,-129.7
0.32,0.296,3.77,453,7.95,0,0,0,0,7.73,0,0,0,7,-123.3
0.386,0.35,3.5,492,0,0,0,11.2,0,1.44,0,0,0,7,-120.9
0.33,0.33,3.45,512,0,0,0,0,0,0.7,0.16,137,20,7,-120.4
0.3,0.25,0,1440,20,0,0,0,0,1,0.3,205,12.5,7,-120
0.457,0.32,4.47,368,0,0,42.6,0,0,1.8,0,0,0,7,-117
0.4,0.4,3,500,0,0,0,0,0,0.8,0,0,0,7,-115.9
0.65,0.65,7.96,250,0,0,0,0,0,0.25,0,0,0,7,-115.6
0.38,0.38,3.75,455,0,0,0,0,0,7.69,0,0,0,7,-115
0.396,0.35,3.75,447,11.2,0,0,0,0,1.5,0,0,0,7,-113.9
0.74,0.37,7.48,227,0,0,100,0,0,1.8,0,0,0,7,-112.7
0.35,0.315,3.75,446,11.21,0,0,0,0,0,0,0,0,7,-111.9
0.305,0.28,3.19,530,0,0,0,8.86,0,1.57,0,0,0,7,-109.9
0.39,0.351,4.14,424,11.08,0,0,0,0,2,0,0,0,7,-107
0.3,0.25,0,1440,20,0,0,0,0,1,0.3,142,12.5,7,-106.7
0.3,0.3,0,1619,0,0,0,0,0,0.42,0.57,40,21,7,-106
0.4,0.4,3.63,450,0,0,0,0,0,0.1,0,0,0,7,-105.6
0.26,0.26,3.7,496,0,0,0,0,0,0,0,0,0,7,-101.8
0.34,0.34,3.77,453,0,0,0,0,0,7.73,0,0,0,7,-101.6
0.8,0.4,6,250,0,0,100,0,0,0.5,0,0,0,7,-101.1
0.376,0.35,3.58,473,5.3,0,0,0,0,1.34,0,0,0,7,-100
0.35,0.332,3.58,471,5.31,0,0,0,0,0,0,0,0,7,-99
0.26,0.26,3.7,496,0,0,0,0,0,1.81,0,0,0,7,-99
0.6,0.529,5.63,300,0,30,0,0,0,0.7,0,0,0,7,-97.7
0.53,0.53,5.25,350,0,0,0,0,0,0,0,0,0,7,-97.2
0.37,0.336,4.06,440,10,0,0,0,0,1.02,0,0,0,7,-96.4
0.39,0.361,3.74,431,8.1,0,0,0,32.48,2.11,0,0,0,7,-94.5
0.38,0.352,3.77,453,7.95,0,0,0,0,7.73,0,0,0,7,-94.2
0.3,0.3,3.6,497,0,0,0,0,0,0,0,0,0,7,-90.5
0.5,0.45,5.36,340,11.18,0,0,0,0,1.56,0,0,0,7,-88.5
0.3,0.274,3.28,530,9.62,0,0,0,0,1.43,0,0,0,7,-88.2
0.3,0.3,3.6,497,0,0,0,0,0,1.45,0,0,0,7,-88
0.44,0.176,0.3,714,0,0,100,0,50,0.8,0,0,0,7,-87.6
0.615,0.4,4.615,325,0,53.8,0,0,0,0.7,0,0,0,7,-87
0.32,0.32,3.15,525,0,0,0,0,0,1.8,0,0,0,7,-85.6
0.4,0.4,3.92,438,0,0,0,0,0,0.6,0,0,0,7,-83.8
0.528,0.37,5.36,318,0,0,42.8,0,0,1.8,0,0,0,7,-83.7
0.4,0.4,3.92,438,0,0,0,0,0,0.6,0,0,0,7,-81.1
0.84,0.42,8.72,200,0,0,100,0,0,1.8,0,0,0,7,-75.7
0.37,0.348,3.94,470,6.38,0,0,0,0,2.08,0,0,0,7,-74.5
0.25,0.227,3.22,545,10.09,0,0,0,0,1.98,0,0,0,7,-73.5
0.25,0.25,2.82,582,0,0,0,0,0,1.4,0.35,200,13,7,-72.6
0.41,0.352,4.35,425,16.47,0,0,0,0,3.14,0,0,0,7,-72.4
0.36,0.333,4.32,418,8.1,0,0,0,0,1.51,0,0,0,7,-69.9
0.3,0.3,2.75,596.3,0,0,0,0,0,0.5,0.2,482,10.99,7,-68.3
0.39,0.39,4.06,450,0,0,0,0,0,1.31,0,0,0,7,-67.1
0.5,0.5,5.09,350,0,0,0,0,0,0.3,0,0,0,7,-64.8
0.38,0.38,3.69,468,0,0,0,0,0,1,0.6,125,10,7,-64.6
0.24,0.2,0,1030,19.7,0,0,0,23.8,1.44,0.3,100,27,7,-62.5
0.5,0.5,5.09,350,0,0,0,0,0,0.3,0,0,0,7,-62
0.31,0.282,3.56,495,10.1,0,0,0,0,0.93,0,0,0,7,-61.7
0.33,0.33,3.45,512,0,0,0,0,0,0.7,0.26,137,20,7,-60.5
0.44,0.44,3.7,450,0,0,0,0,0,3,0,0,0,7,-60.2
0.42,0.358,4.85,374,0,17.46,0,0,0,0,0,0,0,7,-60
0.937,0.47,6,258,0,0,100,0,0,0,0,0,0,7,-59.9
0.42,0.359,4.13,415,0,17.14,0,0,0,0,0,0,0,7,-59
0.37,0.353,4,430,4.88,0,0,0,0,0.6,0,0,0,7,-57.7
0.36,0.328,3.82,445,9.89,0,0,0,0,0.85,0,0,0,7,-57.5
0.43,0.43,4.33,383,0,0,0,0,42.5,3.58,0,0,0,7,-57.5
0.3,0.27,1.74,700,10,0,0,0,0,1.8,0.6,586,20,7,-56.6
0.3,0.27,1.74,700,10,0,0,0,0,1.8,0.3,586,20,7,-56.2
0.41,0.348,4.39,403,0,17.65,0,0,0,0,0,0,0,7,-56
0.3,0.273,3.69,490,10,0,0,0,0,1.76,0,0,0,7,-51.7
0.37,0.37,3.77,454,0,0,0,0,0,1.8,0,0,0,7,-51
0.3,0.274,3.28,530,9.62,0,0,0,0,1.43,0,0,0,7,-50.2
0.31,0.282,3.56,495,10.1,0,0,0,0,0.93,0,0,0,7,-48.8
0.42,0.359,4.15,415,0,17.14,0,0,0,0,0,0,0,7,-48
0.35,0.35,3.96,450,0,0,0,0,0,2.5,0,0,0,7,-47.6
0.6,0.6,6.43,292,0,0,0,0,0,0.1,0,0,0,7,-47.5
0.6,0.6,6.43,292,0,0,0,0,0,0.3,0,0,0,7,-46.4
0.4,0.34,5.04,368,0,17.74,0,0,0,0,0,0,0,7,-46
0.65,0.43,5.86,283,0,0,0,0,67.8,1.23,0,0,0,7,-41.4
0.32,0.32,0,1581,0,0,0,0,0,0,0,0,0,7,-40.1
0.3,0.3,2.75,588.6,0,0,0,0,0,0.5,0.4,482,10.99,7,-37.4
0.35,0.35,3.5,498,0,0,0,0,0,0,0,0,0,7,-36.1
0.35,0.35,3.5,498,0,0,0,0,0,0.82,0,0,0,7,-36
0.35,0.35,3.96,450,0,0,0,0,0,2.5,0,0,0,7,-35.9
0.3,0.273,3.69,490,10,0,0,0,0,1.76,0,0,0,7,-34.8
0.5,0.35,7.09,266,0,42.85,0,0,0,0.6,0,0,0,7,-34.7
0.3,0.27,1.74,700,10,0,0,0,0,1.8,0.6,324,20,7,-34.5
0.35,0.35,3.96,450,0,0,0,0,0,2.5,0,0,0,7,-34.1
0.5,0.5,4.66,370,0,0,0,0,0,9.46,0,0,0,7,-31.8
0.5,0.5,4.66,370,0,0,0,0,0,0,0,0,0,7,-31.8
0.56,0.56,4.57,350,0,0,0,0,0,1.43,0,0,0,7,-31.6
0.36,0.328,3.82,445,9.89,0,0,0,0,0.85,0,0,0,7,-26.5
0.35,0.35,3.7,500,0,0,0,0,0,1.63,0,0,0,7,-26.4
0.3,0.18,1.52,663,6.3,62,0,0,0,2,0.4,62.8,35,7,-25.2
0.6,0.42,6.24,280,0,0,42.9,0,0,1.8,0,0,0,7,-25.1
0.3,0.273,3.69,490,10,0,0,0,0,1.76,0,0,0,7,-23.5
0.4,0.4,3.63,450,0,0,0,0,0,0.1,0,0,0,7,-23.1
0.32,0.305,4.12,455,5.05,0,0,0,0,1.12,0,0,0,7,-19.9
0.74,0.4,10.48,183.6,0,0,0,57.4,27.8,0.1,0,0,0,7,-19.9
0.4,0.4,5.26,360,0,0,0,0,0,0.6,0,0,0,7,-19.8
0.643,0.45,9,217,0,42.85,0,0,0,0.65,0,0,0,7,-19.7
0.32,0.305,4.12,455,5.05,0,0,0,0,1.12,0,0,0,7,-19.5
0.86,0.86,4.75,457,0,0,0,0,0,0,0,0,0,7,-19.2
0.37,0.336,4.06,440,10,0,0,0,0,1.02,0,0,0,7,-18.9
0.47,0.47,4.5,385,0,0,0,0,0,0,0,0,0,7,-18.8
0.42,0.42,4.3875,400,0,0,0,0,0,1.8,0,0,0,7,-18
0.58,0.58,7.15,275,0,0,0,0,0,0,0,0,0,7,-17.1
0.39,0.351,4.11,450,11.11,0,0,0,0,2.6,0,0,0,7,-15.8
0.37,0.336,4.06,440,10,0,0,0,0,1.02,0,0,0,7,-15.7
0.35,0.35,3.96,450,0,0,0,0,0,2.5,0,0,0,7,-15.5
0.63,0.504,5.74,296,0,25,0,0,0,0,0,0,0,7,-15.2
0.63,0.504,5.74,296,0,25,0,0,0,11.82,0,0,0,7,-14.4
0.44,0.44,4.84,375,0,0,0,0,0,0,0,0,0,7,-13.9
0.32,0.305,4.12,455,5.05,0,0,0,0,1.12,0,0,0,7,-13.5
0.69,0.69,7.04,275,0,0,0,0,0,0,0,0,0,7,-11.5
0.926,0.5,11.56,167.4,0,0,0,57.4,27.8,1,0,0,0,7,-11.1
0.55,0.55,4.75,360,0,0,0,0,0,0,0,0,0,7,-6.4
0.5,0.5,6.24,310,0,0,0,0,0,0.02,0,0,0,7,-5
0.58,0.58,4.75,337,0,0,0,0,0,0,0,0,0,7,-1.4
0.47,0.47,4.5,385,0,0,0,0,0,0,0,0,0,7,-1.2
0.59,0.59,5.67,320,0,0,0,0,0,0,0,0,0,7,-0.5
0.285,0.26,3.83,471,5.3,0,0,0,0,1.78,0,0,0,7,0
0.46,0.46,3.73,452,0,0,0,0,0,0,0,0,0,7,0
0.46,0.46,3.73,452,0,0,0,0,0,0,0,0,0,7,0
0.8,0.8,4.75,389,0,0,0,0,0,0,0,0,0,7,0
0.3,0.3,2.75,586.2,0,0,0,0,0,0.5,0.4,535,12.7,7,0.8
0.56,0.56,4.75,317,0,0,0,0,0,0,0,0,0,7,3.8
0.55,0.55,4.75,323,0,0,0,0,0,0,0,0,0,7,4
0.47,0.47,4.5,385,0,0,0,0,0,0,0,0,0,7,4.8
0.75,0.75,4.75,425,0,0,0,0,0,0,0,0,0,7,7.4
0.4,0.4,4.75,267,0,0,0,0,0,0,0,0,0,7,8.5
0.46,0.46,3.73,452,0,0,0,0,0,0,0,0,0,7,9
0.45,0.45,4.75,291,0,0,0,0,0,0,0,0,0,7,13.7
0.42,0.42,4.32,418,0,0,0,0,0,0,0,0,0,7,15
0.46,0.46,3.73,452,0,0,0,0,0,0,0,0,0,7,15
0.63,0.63,4.75,387,0,0,0,0,0,0,0,0,0,7,17
0.76,0.76,4.75,383,0,0,0,0,0,0,0,0,0,7,19
0.48,0.48,4.75,292,0,0,0,0,0,0,0,0,0,7,19.1
0.25,0.25,2.82,582,0,0,0,0,0,2,0.7,200,13,7,19.4
0.5,0.5,4.75,311,0,0,0,0,0,0,0,0,0,7,23.7
0.3,0.3,2.75,588.6,0,0,0,0,0,0.5,0.6,482,10.99,7,24.7
0.8,0.8,4.75,405,0,0,0,0,0,0,0,0,0,7,25.7
0.3,0.3,2.75,591.7,0,0,0,0,0,0.5,0.4,166,8.75,7,34
0.3,0.3,0,533,0,0,0,0,0,0,0,0,0,7,35.6
0.54,0.54,4.75,326,0,0,0,0,0,0,0,0,0,7,36.8
0.67,0.67,4.75,351,0,0,0,0,0,0,0,0,0,7,38
0.59,0.59,5.67,320,0,0,0,0,0,0,0,0,0,7,38.2
0.45,0.45,4.53,357,0,0,0,0,55.71,0,0,0,0,7,39
0.62,0.62,4.75,344,0,0,0,0,0,0,0,0,0,7,44
0.3,0.3,2.75,597.3,0,0,0,0,0,0.5,0.4,645,4.82,7,50.8
0.3,0.27,1.74,700,10,0,0,0,0,1.8,0.3,130,20,7,51.3
0.67,0.67,4.75,366,0,0,0,0,0,0,0,0,0,7,65.7
0.35,0.3,0,1370,0,0,17.6,0,0,0.42,0.22,100,61,7,68.9
0.35,0.3,0,1360,0,17.6,0,0,0,0.42,0.22,100,61,7,71
0.25,0.25,0,1762,0,0,0,0,0,0,0.7,200,13,7,142.2
0.6,0.3,0,798,0,0,100,0,0,0.42,0.22,100,61,7,171.6
0.43,0.3,0,1124,0,0,42.8,0,0,0.42,0.22,100,61,7,187
0.3,0.27,1.74,700,10,0,0,0,0,1.8,0.6,130,20,7,192.9
0.3,0.25,0,1440,20,0,0,0,0,0.8,0.2,200,35,7,438.3
0.3,0.25,0,1440,20,0,0,0,0,1,0.6,107.5,12.5,7,474.4
0.3,0.25,0,1440,20,0,0,0,0,0.8,0.3,200,20,7,489.6
0.3,0.25,0,1440,20,0,0,0,0,1,0.6,142,12.5,7,615.9
0.3,0.25,0,1440,20,0,0,0,0,1,0.6,205,12.5,7,756.8
0.3,0.25,0,1440,20,0,0,0,0,0.8,0.6,200,20,7,866.2
0.3,0.25,0,1440,20,0,0,0,0,0.8,0.4,200,35,7,979.7
0.3,0.25,0,1440,20,0,0,0,0,0.8,0.3,200,35,7,982.7
0.3,0.25,0,1440,20,0,0,0,0,0.8,0,200,20,14,-3465.1
0.3,0.25,0,1440,20,0,0,0,0,0.8,0,200,35,14,-3416.3
0.3,0.25,0,1440,20,0,0,0,0,0,0,107.5,12.5,14,-2874.2
0.25,0.25,0,1762,0,0,0,0,0,0,0,200,13,14,-2862.9
0.34,0.28,0,1367,20,0,0,0,0,0,0,107.5,12.5,14,-2801.8
0.28,0.25,0,1567,11.1,0,0,0,0,0,0,200,13,14,-2722.1
0.38,0.31,0,1300,20,0,0,0,0,0,0,107.5,12.5,14,-2549
0.23,0.23,0,670,0,0,0,0,0,0.049,0,0,0,14,-1992.3
0.23,0.227,0,670,1.49,0,0,0,0,0.05,0,0,0,14,-1888.9
0.19,0.171,1.47,864,10.88,0,0,0,0,2.5,0,0,0,14,-1574.3
0.3,0.3,0,533,0,0,0,0,0,0,0,0,0,14,-1535.2
0.3,0.3,0,533,0,0,0,0,0,0,0,0,0,14,-1499.6
0.33,0.18,2,578,45.5,36.3,0,0,0,2.5,0,120,6,14,-1324.8
0.19,0.171,1.47,864,10.88,0,0,0,0,2.5,0,0,0,14,-1302.1
0.316,0.3,0,1526,0,0,0,5.26,0,0,0,0,0,14,-1286.9
0.25,0.25,0,1544,0,0,0,0,0,0,0,200,13,14,-1282.6
0.3,0.3,0,1606,0,0,0,0,0,0,0,0,0,14,-1194
0.333,0.3,0,1445,0,0,0,11.1,0,0,0,0,0,14,-1162
0.3,0.3,0,533,0,0,0,0,0,0,0,0,0,14,-1122
0.3,0.3,0,533,0,0,0,0,0,0,0,0,0,14,-1115.2
0.353,0.3,0,1365,0,0,0,17.6,0,0,0,0,0,14,-1099.9
0.3,0.3,0,533,0,0,0,0,0,0,0,0,0,14,-1097.5
0.3,0.25,0,1440,20,0,0,0,0,1,0.3,69,12.5,14,-1082.9
0.3,0.25,0,1440,20,0,0,0,0,1,0.3,54,12.5,14,-1073
0.28,0.25,0,1567,11.1,0,0,0,0,0,0.35,200,13,14,-1054.2
0.25,0.25,0,1762,0,0,0,0,0,0,0.35,200,13,14,-1014.4
0.3,0.25,0,1440,20,0,0,0,0,1,0.3,82.5,12.5,14,-1009
0.5,0.5,0,1215,0,0,0,0,0,0,0,0,0,14,-965
0.526,0.5,0,1154,0,0,0,5.26,0,0,0,0,0,14,-948.3
0.457,0.32,0,1106,0,0,14.3,0,28.6,0,0,0,0,14,-939
0.375,0.3,0,1285,0,0,0,25,0,0,0,0,0,14,-908.3
0.3,0.25,0,1440,20,0,0,0,0,0.8,0.1,200,35,14,-905.3
0.226,0.183,2.15,620,18.4,26.6,0,0,0,5.8,0,0,0,14,-900.1
1.6,0.32,0,316.2,0,0,300,0,100,0,0,0,0,14,-897.8
0.3,0.25,0,1440,20,0,0,0,0,1,0.3,107.5,12.5,14,-892.3
0.4,0.22,2,556,45.5,36.3,0,0,0,2.5,0,120,6,14,-863.5
0.64,0.32,0,790.5,0,0,60,0,40,0,0,0,0,14,-842
0.3,0.3,0,1619,0,0,0,0,0,0.3,0,0,0,14,-819.5
0.4,0.32,0,1264,0,0,0,0,25,0,0,0,0,14,-818.3
0.22,0.22,2.03,750,0,0,0,0,0,1.4,0,0,0,14,-797.6
0.33,0.18,2,578,45.5,36.3,0,0,0,2.5,0.6,120,6,14,-791.7
0.26,0.224,1.2,800,16.2,0,0,0,26.88,3,0,0,0,14,-790.9
0.23,0.192,1.24,800,20,0,0,0,26.25,3,0,0,0,14,-777.8
0.44,0.44,1.35,600,0,0,0,0,0,1.4,0,100,20,14,-737.6
0.555,0.5,0,1093,0,0,0,11.1,0,0,0,0,0,14,-732.8
1.6,0.32,0,316.2,0,0,350,0,50,0,0,0,0,14,-732.2
0.3,0.258,1.11,800,16.2,0,0,0,25,3,0,0,0,14,-722.3
0.366,0.3,3.9,431,0,22.5,0,0,0,0.9,0,0,0,14,-721.3
0.23,0.198,1.27,800,16.2,0,0,0,27.5,3,0,0,0,14,-713.3
0.37,0.3,3.93,429,0,23.7,0,0,0,0.8,0,0,0,14,-711.8
0.64,0.32,0,790.5,0,0,80,0,20,0,0,0,0,14,-702.2
0.23,0.209,1.34,800,10,0,0,0,28.75,3,0,0,0,14,-701.4
0.23,0.219,1.38,800,5,0,0,0,30.63,3,0,0,0,14,-701.2
1.6,0.32,0,316.2,0,0,400,0,0,0,0,0,0,14,-693.7
0.25,0.25,0,1544,0,0,0,0,0,0,0.46,200,13,14,-679.9
0.3,0.3,3.06,550,0,0,0,0,0,0.9,0,0,0,14,-656.1
0.26,0.224,1.58,700,16.2,0,0,0,34.86,3,0,0,0,14,-633.9
0.64,0.32,0,790.5,0,0,100,0,0,0,0,0,0,14,-627
0.3,0.258,1.98,600,16.2,0,0,0,44.67,3,0,0,0,14,-620.7
0.457,0.32,0,1106,0,0,28.6,0,14.3,0,0,0,0,14,-619.9
0.44,0.44,1.35,600,0,0,0,0,0,1.4,0.2,100,20,14,-615.1
0.522,0.47,3.33,467,0,0,11.1,0,0,0,0,0,0,14,-608.8
0.23,0.198,1.27,800,16.2,0,0,0,27.5,3,0,0,0,14,-607
0.23,0.209,1.34,800,10,0,0,0,28.75,3,0,0,0,14,-602.8
0.588,0.5,0,1032,0,0,0,17.6,0,0,0,0,0,14,-592.8
0.355,0.32,0,1423,0,0,0,0,11.1,0,0,0,0,14,-590.6
0.23,0.192,1.24,800,20,0,0,0,26.25,3,0,0,0,14,-589.9
0.3,0.25,0,1440,20,0,0,0,0,1,0.3,142,12.5,14,-587.7
0.44,0.44,1.35,600,0,0,0,0,0,1.4,0.6,100,20,14,-587.4
0.4,0.2,4.28,350,0,0,100,0,0,1.5,0,0,0,14,-579.3
0.26,0.224,1.58,700,16.2,0,0,0,34.86,3,0,0,0,14,-560.8
0.22,0.157,0,1446,0,0,0,0,40,1.2,0,0,0,14,-552.8
0.44,0.44,1.35,600,0,0,0,0,0,1.4,0.4,100,20,14,-551.5
0.24,0.216,1.99,715,11.19,0,0,0,0,1.8,0,0,0,14,-547.9
0.3,0.3,3.1,533,0,0,0,0,0,0.3,0,0,0,14,-545.2
0.33,0.297,3.82,450,11,0,0,0,0,0,0,0,0,14,-541.1
0.18,0.18,1,1143,0,0,0,0,0,3.7,0,0,0,14,-532.6
0.26,0.224,1.2,800,16.2,0,0,0,26.88,3,0,0,0,14,-529.6
0.38,0.304,3.95,377,25,0,0,0,0,0,0,0,0,14,-521.5
0.47,0.47,3,520,0,0,0,0,0,0,0,0,0,14,-517.3
0.38,0.38,3.9,380,0,0,0,0,0,0,0,0,0,14,-509.4
0.671,0.47,4.29,362,0,0,42.85,0,0,0,0,0,0,14,-499.3
0.513,0.3,5.69,296,0,71.6,0,0,0,0.78,0,0,0,14,-494.3
0.23,0.219,1.38,800,5,0,0,0,30.63,3,0,0,0,14,-492.2
0.4,0.4,0,450,0,0,0,0,0,0,0,0,0,14,-482.5
0.3,0.258,1.98,600,16.2,0,0,0,44.67,3,0,0,0,14,-477.3
0.3,0.3,0,533,0,0,0,0,0,0,0,0,0,14,-470.8
0.3,0.258,1.11,800,16.2,0,0,0,25,3,0,0,0,14,-467.7
0.3,0.3,3.04,485,0,0,0,0,0,0,0,0,0,14,-466.1
0.3,0.3,3.04,485,0,0,0,0,0,0,0,0,0,14,-465.6
0.492,0.47,3.15,493,0,0,0,0,5.26,0,0,0,0,14,-462.2
0.3,0.27,1.74,700,10,0,0,0,0,1.8,0,324,20,14,-457.9
0.3,0.3,3.04,485,0,0,0,0,0,0,0,0,0,14,-456
0.55,0.47,3.52,440,0,0,0,0,17.64,0,0,0,0,14,-449.5
0.416,0.25,1.2,585,25,0,41.6,0,0,1.4,0,0,0,14,-436.1
0.3,0.27,1.74,700,10,0,0,0,0,1.8,0,586,20,14,-433.5
0.456,0.32,0,1107,0,0,42.8,0,0,0,0,0,0,14,-431.8
0.22,0.22,0.4,1446,0,0,0,0,0,1,0,0,0,14,-430.9
0.625,0.47,4,387,0,0,0,0,33.3,0,0,0,0,14,-424
0.387,0.35,3.5,490,11.22,0,0,0,0,1.88,0,0,0,14,-423.2
0.3,0.25,0,1440,20,0,0,0,0,1,0.3,205,12.5,14,-409.2
0.44,0.157,0,714,0,0,100,0,60,0.8,0,0,0,14,-406.1
0.305,0.28,3.19,531,9.2,0,0,0,0,1.88,0,0,0,14,-404.2
0.27,0.27,3.05,550,0,0,0,0,0,6.36,0,0,0,14,-402.5
0.27,0.27,3.05,550,0,0,0,0,0,6.36,0,0,0,14,-400.1
0.27,0.27,3.05,550,0,0,0,0,0,0,0,0,0,14,-399.8
0.2,0.2,2.14,700,0,0,0,0,0,2,0,0,0,14,-391.3
0.625,0.5,0,972,0,0,0,25,0,0,0,0,0,14,-389.3
0.308,0.213,3.14,497,10,0,0,0,34,2.07,0,0,0,14,-386.5
0.22,0.175,0.149,1446,0,0,0,0,25,1.2,0,0,0,14,-386
0.3,0.27,3.36,495,0,11.11,0,0,0,0,0,0,0,14,-374
0.3,0.27,3.36,495,0,11.11,0,0,0,7.07,0,0,0,14,-373.1
0.27,0.27,1.53,850,0,0,0,0,0,0,0,0,0,14,-370.8
0.6,0.3,5,300,0,0,100,0,0,0.75,0,0,0,14,-362.5
0.313,0.25,1.2,780,25,0,0,0,0,1.4,0,0,0,14,-353.9
0.3,0.3,0,533,0,0,0,0,0,0,0,0,0,14,-348.5
0.307,0.2,3.29,455,0,53.8,0,0,0,1.7,0,0,0,14,-340.2
0.25,0.25,0,1544,0,0,0,0,0,0,0.92,200,13,14,-340
0.35,0.35,3.13,547,0,0,0,0,0,1.07,0,0,0,14,-330.8
0.63,0.504,6.42,288,0,25,0,0,0,0,0,0,0,14,-324.5
0.54,0.27,5,311,0,0,100,0,0,2,0,0,0,14,-320.2
0.28,0.28,2.94,589,0,0,0,0,0,1.1,0,0,0,14,-319.9
0.3,0.3,0,533,0,0,0,0,0,0,0,0,0,14,-317.4
0.36,0.36,3.5,500,0,0,0,0,0,0.7,0,0,0,14,-315
0.5,0.3,5.61,300,0,67.3,0,0,0,0.9,0,0,0,14,-314.5
0.3,0.27,1.74,700,10,0,0,0,0,1.8,0.3,324,20,14,-314.2
0.34,0.272,3.73,440,0,25,0,0,0,0,0,0,0,14,-308.8
0.386,0.27,3.59,435,0,0,43,0,0,2,0,0,0,14,-308.5
0.34,0.272,3.73,440,0,25,0,0,0,7.95,0,0,0,14,-308.1
0.34,0.272,3.73,440,0,25,0,0,0,7.95,0,0,0,14,-307.3
0.3,0.3,2.5,600,0,0,0,0,0,1,0,0,0,14,-301.3
0.38,0.38,3.69,468,0,0,0,0,0,1,0,125,10,14,-295.4
0.352,0.3,3.08,496,17.74,0,0,0,0,2.5,0,0,0,14,-289.5
0.3,0.27,1.74,700,10,0,0,0,0,1.8,0.3,324,20,14,-289.2
0.33,0.33,3.45,512,0,0,0,0,0,0.7,0,137,20,14,-279.2
0.3,0.3,3.1,533,0,0,0,0,0,0.3,0,0,0,14,-276
0.27,0.27,2.53,622,0,0,0,0,0,2,0,0,0,14,-275.5
0.28,0.25,0,1567,11.1,0,0,0,0,0,0.7,200,13,14,-270.4
0.324,0.3,2.86,540,8.15,0,0,0,0,2.2,0,0,0,14,-268.1
0.4,0.4,3.63,450,0,0,0,0,0,0.1,0,0,0,14,-266.4
0.3,0.3,0,533,0,0,0,0,0,0,0,0,0,14,-257.1
0.27,0.25,3.79,456,7.89,0,0,0,0,7.68,0,0,0,14,-253.7
0.3,0.3,2.679,583,0,0,0,0,0,1.9,0,0,0,14,-253.1
0.386,0.35,3.5,492,0,0,0,11.2,0,1.44,0,0,0,14,-249.7
0.4,0.4,1.54,920,0,0,0,0,0,0.39,0,0,0,14,-247.2
0.57,0.392,2.2,638,0,42.85,0,2.85,0,0.39,0,0,0,14,-246.8
0.3,0.3,2.72,583,0,0,0,0,0,1,0,0,0,14,-246.1
0.33,0.33,3.45,512,0,0,0,0,0,0.7,0.05,137,20,14,-245.7
0.3,0.3,2.73,583,0,0,0,0,0,1,0,0,0,14,-244.9
0.37,0.342,3.72,461,8.1,0,0,0,0,2.58,0,0,0,14,-243
0.38,0.266,4.22,385,0,42.85714286,0,0,0,9.09,0,0,0,14,-240.5
0.38,0.266,4.22,385,0,42.86,0,0,0,0,0,0,0,14,-239.6
0.31,0.31,3.4,500,0,0,0,0,0,0,0,0,0,14,-239.5
0.31,0.31,3.4,500,0,0,0,0,0,7,0,0,0,14,-238.8
0.31,0.31,3.4,500,0,0,0,0,0,7,0,0,0,14,-237.9
0.571,0.4,2.2,642,0,42.85,0,0,0,0.39,0,0,0,14,-236.9
0.429,0.3,3.676,408,14.2,28.7,0,0,0,2.1,0,0,0,14,-235.4
0.28,0.252,2.82,576,11.11,0,0,0,0,2,0,0,0,14,-232.1
0.3,0.3,0,533,0,0,0,0,0,0,0,0,0,14,-230.1
0.64,0.32,6.22,263,0,0,100,0,0,1.8,0,0,0,14,-229.1
0.462,0.3,3.85,390,0,53.8,0,0,0,0.9,0,0,0,14,-226.5
0.3,0.3,2.64,500,0,0,0,0,0,0,0,0,0,14,-223.7
0.352,0.3,3.08,496,0,17.7,0,0,0,1.8,0,0,0,14,-223.6
0.3,0.27,1.74,700,10,0,0,0,0,1.8,0.3,586,20,14,-222
0.26,0.234,4.02,446,11.21,0,0,0,0,0,0,0,0,14,-221.1
0.30044843,0.26,4.02,446,11.2,0,0,0,0,2,0,0,0,14,-220.8
0.3,0.27,3.91,446,11.21,0,0,0,0,0,0,0,0,14,-213.9
0.305,0.28,3.19,530,0,0,0,8.86,0,1.57,0,0,0,14,-213.9
0.34,0.306,3.74,450,0,11.11,0,0,0,0,0,0,0,14,-212.1
0.342,0.3,3.91,447,11.2,0,0,0,0,1.64,0,0,0,14,-211.9
0.352,0.3,3.08,496,5.84,11.69,0,0,0,1.9,0,0,0,14,-211.8
0.34,0.306,3.74,450,0,11.11,0,0,0,7.78,0,0,0,14,-209.7
0.416,0.25,1.2,585,0,0,66.6,0,0,1.4,0,0,0,14,-208.2
0.435,0.297,3.74,415.9,0,0,0,10.5,36.2,1.46,0,0,0,14,-205.9
0.45,0.428,4.3,400,0,5,0,0,0,0.7,0,0,0,14,-199.8
0.26,0.247,3.83,471,5.31,0,0,0,0,0,0,0,0,14,-194.1
0.25,0.25,1.2,975,0,0,0,0,0,1.4,0,0,0,14,-193.2
0.32,0.32,0,1581,0,0,0,0,0,0,0,0,0,14,-187.1
0.25,0.227,3.22,545,10.09,0,0,0,0,1.98,0,0,0,14,-186.5
0.429,0.3,3.679,408,0,42.9,0,0,0,1.7,0,0,0,14,-186.5
0.457,0.32,4.47,368,0,0,42.6,0,0,1.8,0,0,0,14,-181.9
0.44,0.176,0.3,714,0,0,100,0,50,0.8,0,0,0,14,-181.1
0.43,0.43,2.51,685,0,0,0,0,0,1,0,0,0,14,-178.6
0.33,0.33,3.45,512,0,0,0,0,0,0.7,0.16,137,20,14,-177.9
0.32,0.216,4.12,400,0,0,0,0,48,1.19,0,0,0,14,-177.8
0.39,0.312,4.17,400,0,25,0,0,0,0,0,0,0,14,-177.1
0.39,0.312,4.17,400,0,25,0,0,0,8.75,0,0,0,14,-176.6
0.39,0.312,4.17,400,0,25,0,0,0,8.75,0,0,0,14,-175.2
0.3,0.285,3.73,471,5.31,0,0,0,0,0,0,0,0,14,-174.5
0.35,0.35,3.85,450,0,0,0,0,0,7.78,0,0,0,14,-174.2
0.324,0.3,3.73,472,5.3,0,0,0,0,1.47,0,0,0,14,-174
0.35,0.35,3.85,450,0,0,0,0,0,0,0,0,0,14,-173.4
0.4,0.4,3,500,0,0,0,0,0,0.8,0,0,0,14,-172.2
0.74,0.37,7.48,227,0,0,100,0,0,1.8,0,0,0,14,-169.1
0.39,0.361,3.74,431,8.1,0,0,0,32.48,2.11,0,0,0,14,-167.5
0.43,0.398,3.83,413,8.1,0,0,0,35.79,2.66,0,0,0,14,-167.4
0.8,0.4,6,250,0,0,100,0,0,0.5,0,0,0,14,-161.1
0.53,0.53,5.25,350,0,0,0,0,0,0,0,0,0,14,-160.3
0.35,0.315,3.75,446,11.21,0,0,0,0,0,0,0,0,14,-159.8
0.396,0.35,3.75,447,11.2,0,0,0,0,1.5,0,0,0,14,-158.4
0.32,0.296,3.77,453,7.95,0,0,0,0,7.73,0,0,0,14,-155.2
0.937,0.47,6,258,0,0,100,0,0,0,0,0,0,14,-153.3
0.36,0.333,4.32,418,8.1,0,0,0,0,1.51,0,0,0,14,-151.5
0.44,0.308,4.72,350,0,42.86,0,0,0,0,0,0,0,14,-148
0.44,0.308,4.72,350,0,42.86,0,0,0,10,0,0,0,14,-147.7
0.6,0.529,5.63,300,0,30,0,0,0,0.7,0,0,0,14,-146.9
0.44,0.352,4.73,360,0,25,0,0,0,0,0,0,0,14,-139.7
0.3,0.27,1.74,700,10,0,0,0,0,1.8,0.6,324,20,14,-138.1
0.528,0.37,5.36,318,0,0,42.8,0,0,1.8,0,0,0,14,-138
0.44,0.352,4.73,360,0,25,0,0,0,9.72,0,0,0,14,-137.3
0.3,0.27,1.74,700,10,0,0,0,0,1.8,0.3,586,20,14,-136.6
0.32,0.32,3.15,525,0,0,0,0,0,1.8,0,0,0,14,-133
0.65,0.65,7.96,250,0,0,0,0,0,0.25,0,0,0,14,-132.9
0.26,0.26,3.7,496,0,0,0,0,0,0,0,0,0,14,-130
0.26,0.26,3.7,496,0,0,0,0,0,1.81,0,0,0,14,-129
0.376,0.35,3.58,473,5.3,0,0,0,0,1.34,0,0,0,14,-126
0.35,0.332,3.58,471,5.31,0,0,0,0,0,0,0,0,14,-125.2
0.38,0.38,3.75,455,0,0,0,0,0,7.69,0,0,0,14,-124.2
0.39,0.39,4.06,450,0,0,0,0,0,1.31,0,0,0,14,-124.2
0.34,0.34,3.77,453,0,0,0,0,0,7.73,0,0,0,14,-121.2
0.3,0.3,2.75,596.3,0,0,0,0,0,0.5,0.2,482,10.99,14,-121.2
0.25,0.227,3.22,545,10.09,0,0,0,0,1.98,0,0,0,14,-119.5
0.33,0.33,3.45,512,0,0,0,0,0,0.7,0.26,137,20,14,-119.1
0.84,0.42,8.72,200,0,0,100,0,0,1.8,0,0,0,14,-118.8
0.3,0.3,3.6,497,0,0,0,0,0,0,0,0,0,14,-117.7
0.38,0.38,3.69,468,0,0,0,0,0,1,0.6,125,10,14,-117.6
0.39,0.351,4.14,424,11.08,0,0,0,0,2,0,0,0,14,-116.4
0.3,0.3,3.6,497,0,0,0,0,0,1.45,0,0,0,14,-116
0.3,0.274,3.28,530,9.62,0,0,0,0,1.43,0,0,0,14,-115.2
0.38,0.352,3.77,453,7.95,0,0,0,0,7.73,0,0,0,14,-114.4
0.3,0.273,3.69,490,10,0,0,0,0,1.76,0,0,0,14,-114.2
0.37,0.336,4.06,440,10,0,0,0,0,1.02,0,0,0,14,-108.5
0.37,0.348,3.94,470,6.38,0,0,0,0,2.08,0,0,0,14,-106.7
0.3,0.27,1.74,700,10,0,0,0,0,1.8,0.6,586,20,14,-102.6
0.42,0.359,4.13,415,0,17.14,0,0,0,0,0,0,0,14,-102
0.44,0.44,3.7,450,0,0,0,0,0,3,0,0,0,14,-101.2
0.31,0.282,3.56,495,10.1,0,0,0,0,0.93,0,0,0,14,-100.4
0.4,0.4,3.63,450,0,0,0,0,0,0.1,0,0,0,14,-98.7
0.3,0.3,2.75,588.6,0,0,0,0,0,0.5,0.4,482,10.99,14,-94.9
0.4,0.4,3.92,438,0,0,0,0,0,0.6,0,0,0,14,-93.9
0.42,0.358,4.85,374,0,17.46,0,0,0,0,0,0,0,14,-91.6
0.5,0.45,5.36,340,11.18,0,0,0,0,1.56,0,0,0,14,-91.4
0.4,0.4,3.92,438,0,0,0,0,0,0.6,0,0,0,14,-91.2
0.37,0.37,3.77,454,0,0,0,0,0,1.8,0,0,0,14,-89
0.41,0.352,4.35,425,16.47,0,0,0,0,3.14,0,0,0,14,-87.7
0.41,0.348,4.39,403,0,17.65,0,0,0,0,0,0,0,14,-83.8
0.42,0.359,4.15,415,0,17.14,0,0,0,0,0,0,0,14,-81.1
0.615,0.4,4.615,325,0,53.8,0,0,0,0.7,0,0,0,14,-81.1
0.36,0.328,3.82,445,9.89,0,0,0,0,0.85,0,0,0,14,-79.4
0.4,0.34,5.04,368,0,17.74,0,0,0,0,0,0,0,14,-78.5
0.3,0.3,0,533,0,0,0,0,0,0,0,0,0,14,-76.5
0.36,0.328,3.82,445,9.89,0,0,0,0,0.85,0,0,0,14,-76.1
0.43,0.43,4.33,383,0,0,0,0,42.5,3.58,0,0,0,14,-74.9
0.6,0.42,6.24,280,0,0,42.9,0,0,1.8,0,0,0,14,-74.2
0.5,0.5,5.09,350,0,0,0,0,0,0.3,0,0,0,14,-73.4
0.5,0.5,5.09,350,0,0,0,0,0,0.3,0,0,0,14,-71.1
0.35,0.35,3.96,450,0,0,0,0,0,2.5,0,0,0,14,-70.4
0.3,0.273,3.69,490,10,0,0,0,0,1.76,0,0,0,14,-68.7
0.35,0.35,3.96,450,0,0,0,0,0,2.5,0,0,0,14,-68.1
0.3,0.274,3.28,530,9.62,0,0,0,0,1.43,0,0,0,14,-64.4
0.42,0.42,4.3875,400,0,0,0,0,0,1.8,0,0,0,14,-64
0.39,0.351,4.11,450,11.11,0,0,0,0,2.6,0,0,0,14,-63.7
0.35,0.35,3.7,500,0,0,0,0,0,1.63,0,0,0,14,-60.4
0.56,0.56,4.57,350,0,0,0,0,0,1.43,0,0,0,14,-57.6
0.6,0.6,6.43,292,0,0,0,0,0,0.1,0,0,0,14,-55.8
0.3,0.273,3.69,490,10,0,0,0,0,1.76,0,0,0,14,-54.9
0.6,0.6,6.43,292,0,0,0,0,0,0.3,0,0,0,14,-54.2
0.31,0.282,3.56,495,10.1,0,0,0,0,0.93,0,0,0,14,-52.3
0.35,0.35,3.96,450,0,0,0,0,0,2.5,0,0,0,14,-51.7
0.65,0.43,5.86,283,0,0,0,0,67.8,1.23,0,0,0,14,-48.8
0.5,0.35,7.09,266,0,42.85,0,0,0,0.6,0,0,0,14,-48.6
0.37,0.353,4,430,4.88,0,0,0,0,0.6,0,0,0,14,-43.5
0.37,0.336,4.06,440,10,0,0,0,0,1.02,0,0,0,14,-42.1
0.35,0.35,3.96,450,0,0,0,0,0,2.5,0,0,0,14,-40.2
0.35,0.35,3.5,498,0,0,0,0,0,0,0,0,0,14,-40
0.35,0.35,3.5,498,0,0,0,0,0,0.82,0,0,0,14,-40
0.32,0.305,4.12,455,5.05,0,0,0,0,1.12,0,0,0,14,-39.4
0.5,0.5,4.66,370,0,0,0,0,0,0,0,0,0,14,-38.7
0.5,0.5,4.66,370,0,0,0,0,0,9.46,0,0,0,14,-37.7
0.37,0.336,4.06,440,10,0,0,0,0,1.02,0,0,0,14,-35
0.32,0.305,4.12,455,5.05,0,0,0,0,1.12,0,0,0,14,-33.4
0.32,0.305,4.12,455,5.05,0,0,0,0,1.12,0,0,0,14,-33.2
0.643,0.45,9,217,0,42.85,0,0,0,0.65,0,0,0,14,-32.6
0.74,0.4,10.48,183.6,0,0,0,57.4,27.8,0.1,0,0,0,14,-32.2
0.4,0.4,5.26,360,0,0,0,0,0,0.6,0,0,0,14,-31
0.47,0.47,4.5,385,0,0,0,0,0,0,0,0,0,14,-30.4
0.58,0.58,7.15,275,0,0,0,0,0,0,0,0,0,14,-29.7
0.44,0.44,4.84,375,0,0,0,0,0,0,0,0,0,14,-29.3
0.63,0.504,5.74,296,0,25,0,0,0,0,0,0,0,14,-22.9
0.63,0.504,5.74,296,0,25,0,0,0,11.82,0,0,0,14,-22
0.926,0.5,11.56,167.4,0,0,0,57.4,27.8,1,0,0,0,14,-18.9
0.3,0.3,2.75,586.2,0,0,0,0,0,0.5,0.4,535,12.7,14,-17.8
0.5,0.5,6.24,310,0,0,0,0,0,0.02,0,0,0,14,-17
0.69,0.69,7.04,275,0,0,0,0,0,0,0,0,0,14,-15.6
0.3,0.3,2.75,591.7,0,0,0,0,0,0.5,0.4,166,8.75,14,-7.3
0.86,0.86,4.75,457,0,0,0,0,0,0,0,0,0,14,-3.3
0.47,0.47,4.5,385,0,0,0,0,0,0,0,0,0,14,-2.5
0.285,0.26,3.83,471,5.3,0,0,0,0,1.78,0,0,0,14,0
0.59,0.59,5.67,320,0,0,0,0,0,0,0,0,0,14,0.2
0.8,0.8,4.75,389,0,0,0,0,0,0,0,0,0,14,1.2
0.47,0.47,4.5,385,0,0,0,0,0,0,0,0,0,14,1.7
0.75,0.75,4.75,425,0,0,0,0,0,0,0,0,0,14,3.5
0.42,0.42,4.32,418,0,0,0,0,0,0,0,0,0,14,3.6
0.3,0.3,2.75,588.6,0,0,0,0,0,0.5,0.6,482,10.99,14,3.7
0.45,0.45,4.75,291,0,0,0,0,0,0,0,0,0,14,4
0.58,0.58,4.75,337,0,0,0,0,0,0,0,0,0,14,4.1
0.46,0.46,3.73,452,0,0,0,0,0,0,0,0,0,14,5
0.46,0.46,3.73,452,0,0,0,0,0,0,0,0,0,14,10
0.48,0.48,4.75,292,0,0,0,0,0,0,0,0,0,14,10.7
0.5,0.5,4.75,311,0,0,0,0,0,0,0,0,0,14,11.5
0.76,0.76,4.75,383,0,0,0,0,0,0,0,0,0,14,12.7
0.46,0.46,3.73,452,0,0,0,0,0,0,0,0,0,14,16
0.55,0.55,4.75,323,0,0,0,0,0,0,0,0,0,14,18.5
0.63,0.63,4.75,387,0,0,0,0,0,0,0,0,0,14,23.4
0.55,0.55,4.75,360,0,0,0,0,0,0,0,0,0,14,25.7
0.62,0.62,4.75,344,0,0,0,0,0,0,0,0,0,14,26
0.67,0.67,4.75,351,0,0,0,0,0,0,0,0,0,14,26.6
0.56,0.56,4.75,317,0,0,0,0,0,0,0,0,0,14,27.5
0.3,0.27,1.74,700,10,0,0,0,0,1.8,0.3,130,20,14,29.1
0.45,0.45,4.53,357,0,0,0,0,55.71,0,0,0,0,14,29.8
0.8,0.8,4.75,405,0,0,0,0,0,0,0,0,0,14,32.4
0.3,0.3,2.75,597.3,0,0,0,0,0,0.5,0.4,645,4.82,14,33.4
0.4,0.4,4.75,267,0,0,0,0,0,0,0,0,0,14,34.1
0.46,0.46,3.73,452,0,0,0,0,0,0,0,0,0,14,35
0.54,0.54,4.75,326,0,0,0,0,0,0,0,0,0,14,42.6
0.59,0.59,5.67,320,0,0,0,0,0,0,0,0,0,14,49.7
0.67,0.67,4.75,366,0,0,0,0,0,0,0,0,0,14,66.2
0.3,0.25,0,1440,20,0,0,0,0,0.8,0.2,200,35,14,68.2
0.3,0.27,1.74,700,10,0,0,0,0,1.8,0.6,130,20,14,182.5
0.25,0.25,0,1762,0,0,0,0,0,0,0.7,200,13,14,192.2
0.3,0.25,0,1440,20,0,0,0,0,0.8,0.3,200,20,14,354.4
0.3,0.25,0,1440,20,0,0,0,0,1,0.6,107.5,12.5,14,365.5
0.3,0.25,0,1440,20,0,0,0,0,1,0.6,142,12.5,14,591.1
0.3,0.25,0,1440,20,0,0,0,0,1,0.6,205,12.5,14,735.8
0.3,0.25,0,1440,20,0,0,0,0,0.8,0.6,200,20,14,880.3
0.3,0.25,0,1440,20,0,0,0,0,0.8,0.3,200,35,14,921.7
0.3,0.25,0,1440,20,0,0,0,0,0.8,0.4,200,35,14,1049.8
0.3,0.25,0,1440,20,0,0,0,0,0.8,0,200,35,28,-3768.2
0.25,0.25,0,1762,0,0,0,0,0,0,0,200,13,28,-2885.2
0.28,0.25,0,1567,11.1,0,0,0,0,0,0,200,13,28,-2821.8
0.23,0.227,0,670,1.49,0,0,0,0,0.05,0,0,0,28,-2219.6
0.23,0.23,0,670,0,0,0,0,0,0.049,0,0,0,28,-1991.6
0.3,0.3,0,533,0,0,0,0,0,0,0,0,0,28,-1648.9
0.3,0.3,0,533,0,0,0,0,0,0,0,0,0,28,-1620.6
0.33,0.18,2,578,45.5,36.3,0,0,0,2.5,0,120,6,28,-1525.3
0.19,0.171,1.47,864,10.88,0,0,0,0,2.5,0,0,0,28,-1518.5
0.3,0.3,0,533,0,0,0,0,0,0,0,0,0,28,-1413.8
0.25,0.25,0,1544,0,0,0,0,0,0,0,200,13,28,-1388.7
0.316,0.3,0,1526,0,0,0,5.26,0,0,0,0,0,28,-1371.8
0.3,0.3,0,1606,0,0,0,0,0,0,0,0,0,28,-1318.4
0.3,0.25,0,1440,20,0,0,0,0,0.8,0.1,200,35,28,-1267.3
0.3,0.3,0,533,0,0,0,0,0,0,0,0,0,28,-1220.8
0.3,0.3,0,533,0,0,0,0,0,0,0,0,0,28,-1196.7
0.25,0.25,0,1762,0,0,0,0,0,0,0.35,200,13,28,-1193.1
1.6,0.32,0,316.2,0,0,300,0,100,0,0,0,0,28,-1191.2
0.333,0.3,0,1445,0,0,0,11.1,0,0,0,0,0,28,-1190
0.28,0.25,0,1567,11.1,0,0,0,0,0,0.35,200,13,28,-1186.7
0.5,0.5,0,1215,0,0,0,0,0,0,0,0,0,28,-1164.1
0.44,0.44,1.35,600,0,0,0,0,0,1.4,0,100,20,28,-1161.1
0.353,0.3,0,1365,0,0,0,17.6,0,0,0,0,0,28,-1133.5
0.44,0.44,1.35,600,0,0,0,0,0,1.4,0.2,100,20,28,-1100.2
0.526,0.5,0,1154,0,0,0,5.26,0,0,0,0,0,28,-1093.6
0.457,0.32,0,1106,0,0,14.3,0,28.6,0,0,0,0,28,-1057.4
0.44,0.44,1.35,600,0,0,0,0,0,1.4,0.6,100,20,28,-1035.3
1.6,0.32,0,316.2,0,0,400,0,0,0,0,0,0,28,-1010.6
0.4,0.22,2,556,45.5,36.3,0,0,0,2.5,0,120,6,28,-979.6
0.375,0.3,0,1285,0,0,0,25,0,0,0,0,0,28,-971.7
1.6,0.32,0,316.2,0,0,350,0,50,0,0,0,0,28,-962.8
0.44,0.44,1.35,600,0,0,0,0,0,1.4,0.4,100,20,28,-962.6
0.33,0.18,2,578,45.5,36.3,0,0,0,2.5,0.6,120,6,28,-922
0.3,0.3,0,1619,0,0,0,0,0,0.3,0,0,0,28,-910.1
0.4,0.32,0,1264,0,0,0,0,25,0,0,0,0,28,-900.3
0.22,0.22,2.03,750,0,0,0,0,0,1.4,0,0,0,28,-887.8
0.26,0.224,1.2,800,16.2,0,0,0,26.88,3,0,0,0,28,-875.3
0.23,0.192,1.24,800,20,0,0,0,26.25,3,0,0,0,28,-846.9
0.555,0.5,0,1093,0,0,0,11.1,0,0,0,0,0,28,-841.5
0.64,0.32,0,790.5,0,0,80,0,20,0,0,0,0,28,-839.6
0.3,0.258,1.11,800,16.2,0,0,0,25,3,0,0,0,28,-820.6
0.64,0.32,0,790.5,0,0,60,0,40,0,0,0,0,28,-814.2
0.457,0.32,0,1106,0,0,28.6,0,14.3,0,0,0,0,28,-808.8
0.522,0.47,3.33,467,0,0,11.1,0,0,0,0,0,0,28,-797.1
0.37,0.3,3.93,429,0,23.7,0,0,0,0.8,0,0,0,28,-783.1
0.23,0.198,1.27,800,16.2,0,0,0,27.5,3,0,0,0,28,-778.7
0.366,0.3,3.9,431,0,22.5,0,0,0,0.9,0,0,0,28,-771
0.588,0.5,0,1032,0,0,0,17.6,0,0,0,0,0,28,-767.8
0.64,0.32,0,790.5,0,0,100,0,0,0,0,0,0,28,-762.2
0.3,0.3,3.1,533,0,0,0,0,0,0.3,0,0,0,28,-759.9
0.23,0.209,1.34,800,10,0,0,0,28.75,3,0,0,0,28,-751.8
0.47,0.47,3,520,0,0,0,0,0,0,0,0,0,28,-733.6
0.3,0.3,3.06,550,0,0,0,0,0,0.9,0,0,0,28,-730.6
0.55,0.47,3.52,440,0,0,0,0,17.64,0,0,0,0,28,-703.9
0.26,0.224,1.58,700,16.2,0,0,0,34.86,3,0,0,0,28,-701.2
0.25,0.25,0,1544,0,0,0,0,0,0,0.46,200,13,28,-692.2
0.3,0.258,1.98,600,16.2,0,0,0,44.67,3,0,0,0,28,-674.3
0.492,0.47,3.15,493,0,0,0,0,5.26,0,0,0,0,28,-674.2
0.625,0.47,4,387,0,0,0,0,33.3,0,0,0,0,28,-670
0.355,0.32,0,1423,0,0,0,0,11.1,0,0,0,0,28,-663.6
0.671,0.47,4.29,362,0,0,42.85,0,0,0,0,0,0,28,-661.3
0.26,0.224,1.58,700,16.2,0,0,0,34.86,3,0,0,0,28,-651.7
0.22,0.157,0,1446,0,0,0,0,40,1.2,0,0,0,28,-642.7
0.4,0.4,0,450,0,0,0,0,0,0,0,0,0,28,-640.1
0.44,0.157,0,714,0,0,100,0,60,0.8,0,0,0,28,-634.4
0.305,0.28,3.19,531,9.2,0,0,0,0,1.88,0,0,0,28,-632.1
0.3,0.3,3.04,485,0,0,0,0,0,0,0,0,0,28,-624.6
0.4,0.2,4.28,350,0,0,100,0,0,1.5,0,0,0,28,-623.4
0.3,0.3,3.04,485,0,0,0,0,0,0,0,0,0,28,-622.6
0.3,0.3,3.04,485,0,0,0,0,0,0,0,0,0,28,-620.8
0.3,0.3,0,533,0,0,0,0,0,0,0,0,0,28,-619.3
0.24,0.216,1.99,715,11.19,0,0,0,0,1.8,0,0,0,28,-613.6
0.3,0.258,1.11,800,16.2,0,0,0,25,3,0,0,0,28,-594.6
0.387,0.35,3.5,490,11.22,0,0,0,0,1.88,0,0,0,28,-579.2
0.625,0.5,0,972,0,0,0,25,0,0,0,0,0,28,-578.3
0.38,0.304,3.95,377,25,0,0,0,0,0,0,0,0,28,-568.2
0.22,0.22,0.4,1446,0,0,0,0,0,1,0,0,0,28,-562.7
0.33,0.297,3.82,450,11,0,0,0,0,0,0,0,0,28,-560.2
0.456,0.32,0,1107,0,0,42.8,0,0,0,0,0,0,28,-559.3
0.23,0.219,1.38,800,5,0,0,0,30.63,3,0,0,0,28,-556.2
0.28,0.28,2.94,589,0,0,0,0,0,1.1,0,0,0,28,-548.5
0.18,0.18,1,1143,0,0,0,0,0,3.7,0,0,0,28,-546.7
0.38,0.38,3.9,380,0,0,0,0,0,0,0,0,0,28,-544
0.308,0.213,3.14,497,10,0,0,0,34,2.07,0,0,0,28,-527.8
0.35,0.35,3.13,547,0,0,0,0,0,1.07,0,0,0,28,-527.6
0.3,0.27,1.74,700,10,0,0,0,0,1.8,0,586,20,28,-524.6
0.3,0.27,1.74,700,10,0,0,0,0,1.8,0,324,20,28,-515.4
0.22,0.175,0.149,1446,0,0,0,0,25,1.2,0,0,0,28,-503.7
0.513,0.3,5.69,296,0,71.6,0,0,0,0.78,0,0,0,28,-494.5
0.305,0.28,3.19,530,0,0,0,8.86,0,1.57,0,0,0,28,-492.1
0.386,0.35,3.5,492,0,0,0,11.2,0,1.44,0,0,0,28,-485.3
0.416,0.25,1.2,585,25,0,41.6,0,0,1.4,0,0,0,28,-472.4
0.3,0.3,0,533,0,0,0,0,0,0,0,0,0,28,-446.7
0.2,0.2,2.14,700,0,0,0,0,0,2,0,0,0,28,-432.9
0.3,0.3,0,533,0,0,0,0,0,0,0,0,0,28,-423.5
0.6,0.3,5,300,0,0,100,0,0,0.75,0,0,0,28,-420.2
0.27,0.27,3.05,550,0,0,0,0,0,6.36,0,0,0,28,-420
0.27,0.27,3.05,550,0,0,0,0,0,0,0,0,0,28,-419.5
0.27,0.27,3.05,550,0,0,0,0,0,6.36,0,0,0,28,-419
0.36,0.36,3.5,500,0,0,0,0,0,0.7,0,0,0,28,-411.3
0.307,0.2,3.29,455,0,53.8,0,0,0,1.7,0,0,0,28,-396.8
0.63,0.504,6.42,288,0,25,0,0,0,0,0,0,0,28,-386
0.313,0.25,1.2,780,25,0,0,0,0,1.4,0,0,0,28,-385.4
0.3,0.27,1.74,700,10,0,0,0,0,1.8,0.3,324,20,28,-383
0.54,0.27,5,311,0,0,100,0,0,2,0,0,0,28,-374.4
0.3,0.3,0,533,0,0,0,0,0,0,0,0,0,28,-373.6
0.38,0.38,3.69,468,0,0,0,0,0,1,0,125,10,28,-363.5
0.33,0.33,3.45,512,0,0,0,0,0,0.7,0,137,20,28,-360.8
0.352,0.3,3.08,496,17.74,0,0,0,0,2.5,0,0,0,28,-350.9
0.3,0.3,3.1,533,0,0,0,0,0,0.3,0,0,0,28,-349.2
0.3,0.27,1.74,700,10,0,0,0,0,1.8,0.3,324,20,28,-343.5
0.3,0.3,2.5,600,0,0,0,0,0,1,0,0,0,28,-341.3
0.45,0.428,4.3,400,0,5,0,0,0,0.7,0,0,0,28,-339.1
0.5,0.3,5.61,300,0,67.3,0,0,0,0.9,0,0,0,28,-335.7
0.386,0.27,3.59,435,0,0,43,0,0,2,0,0,0,28,-329
0.324,0.3,2.86,540,8.15,0,0,0,0,2.2,0,0,0,28,-327.9
0.44,0.176,0.3,714,0,0,100,0,50,0.8,0,0,0,28,-320.3
0.34,0.272,3.73,440,0,25,0,0,0,7.95,0,0,0,28,-320
0.34,0.272,3.73,440,0,25,0,0,0,0,0,0,0,28,-319.4
0.27,0.27,2.53,622,0,0,0,0,0,2,0,0,0,28,-314.2
0.3,0.25,0,1440,20,0,0,0,0,0.8,0.2,200,35,28,-314
0.3,0.3,2.679,583,0,0,0,0,0,1.9,0,0,0,28,-310.1
0.33,0.33,3.45,512,0,0,0,0,0,0.7,0.05,137,20,28,-308.7
0.3,0.27,1.74,700,10,0,0,0,0,1.8,0.3,586,20,28,-303.1
0.937,0.47,6,258,0,0,100,0,0,0,0,0,0,28,-302.2
0.25,0.25,0,1544,0,0,0,0,0,0,0.92,200,13,28,-294.4
0.28,0.25,0,1567,11.1,0,0,0,0,0,0.7,200,13,28,-293.3
0.37,0.342,3.72,461,8.1,0,0,0,0,2.58,0,0,0,28,-285.3
0.429,0.3,3.676,408,14.2,28.7,0,0,0,2.1,0,0,0,28,-283
0.27,0.25,3.79,456,7.89,0,0,0,0,7.68,0,0,0,28,-277.5
0.32,0.32,0,1581,0,0,0,0,0,0,0,0,0,28,-277.2
0.352,0.3,3.08,496,0,17.7,0,0,0,1.8,0,0,0,28,-271.3
0.64,0.32,6.22,263,0,0,100,0,0,1.8,0,0,0,28,-268.9
0.352,0.3,3.08,496,5.84,11.69,0,0,0,1.9,0,0,0,28,-261.2
0.28,0.252,2.82,576,11.11,0,0,0,0,2,0,0,0,28,-258.2
0.3,0.3,2.72,583,0,0,0,0,0,1,0,0,0,28,-258.2
0.3,0.3,2.73,583,0,0,0,0,0,1,0,0,0,28,-256.9
0.31,0.31,3.4,500,0,0,0,0,0,0,0,0,0,28,-256.6
0.31,0.31,3.4,500,0,0,0,0,0,7,0,0,0,28,-254.1
0.30044843,0.26,4.02,446,11.2,0,0,0,0,2,0,0,0,28,-253.5
0.3,0.27,3.91,446,11.21,0,0,0,0,0,0,0,0,28,-253.2
0.26,0.234,4.02,446,11.21,0,0,0,0,0,0,0,0,28,-252.2
0.342,0.3,3.91,447,11.2,0,0,0,0,1.64,0,0,0,28,-251.5
0.435,0.297,3.74,415.9,0,0,0,10.5,36.2,1.46,0,0,0,28,-250.3
0.462,0.3,3.85,390,0,53.8,0,0,0,0.9,0,0,0,28,-248.4
0.6,0.529,5.63,300,0,30,0,0,0,0.7,0,0,0,28,-245.3
0.25,0.227,3.22,545,10.09,0,0,0,0,1.98,0,0,0,28,-242.9
0.429,0.3,3.679,408,0,42.9,0,0,0,1.7,0,0,0,28,-236.8
0.34,0.306,3.74,450,0,11.11,0,0,0,0,0,0,0,28,-235.9
0.8,0.4,6,250,0,0,100,0,0,0.5,0,0,0,28,-235.1
0.457,0.32,4.47,368,0,0,42.6,0,0,1.8,0,0,0,28,-230.9
0.32,0.216,4.12,400,0,0,0,0,48,1.19,0,0,0,28,-228.9
0.416,0.25,1.2,585,0,0,66.6,0,0,1.4,0,0,0,28,-228.7
0.4,0.4,3,500,0,0,0,0,0,0.8,0,0,0,28,-223
0.39,0.361,3.74,431,8.1,0,0,0,32.48,2.11,0,0,0,28,-218.3
0.26,0.247,3.83,471,5.31,0,0,0,0,0,0,0,0,28,-215.6
0.25,0.25,1.2,975,0,0,0,0,0,1.4,0,0,0,28,-213.8
0.74,0.37,7.48,227,0,0,100,0,0,1.8,0,0,0,28,-213.3
0.3,0.27,1.74,700,10,0,0,0,0,1.8,0.3,586,20,28,-212.4
0.33,0.33,3.45,512,0,0,0,0,0,0.7,0.16,137,20,28,-210.3
0.25,0.227,3.22,545,10.09,0,0,0,0,1.98,0,0,0,28,-210
0.42,0.359,4.13,415,0,17.14,0,0,0,0,0,0,0,28,-207.4
0.3,0.27,1.74,700,10,0,0,0,0,1.8,0.6,324,20,28,-203.5
0.3,0.273,3.69,490,10,0,0,0,0,1.76,0,0,0,28,-201.8
0.36,0.333,4.32,418,8.1,0,0,0,0,1.51,0,0,0,28,-198.7
0.35,0.315,3.75,446,11.21,0,0,0,0,0,0,0,0,28,-196.9
0.396,0.35,3.75,447,11.2,0,0,0,0,1.5,0,0,0,28,-196
0.324,0.3,3.73,472,5.3,0,0,0,0,1.47,0,0,0,28,-193
0.3,0.285,3.73,471,5.31,0,0,0,0,0,0,0,0,28,-192.3
0.43,0.398,3.83,413,8.1,0,0,0,35.79,2.66,0,0,0,28,-191.3
0.39,0.312,4.17,400,0,25,0,0,0,8.75,0,0,0,28,-190.9
0.39,0.312,4.17,400,0,25,0,0,0,0,0,0,0,28,-190.9
0.39,0.312,4.17,400,0,25,0,0,0,8.75,0,0,0,28,-190
0.35,0.35,3.85,450,0,0,0,0,0,0,0,0,0,28,-189.2
0.528,0.37,5.36,318,0,0,42.8,0,0,1.8,0,0,0,28,-189.1
0.35,0.35,3.85,450,0,0,0,0,0,7.78,0,0,0,28,-187.8
0.3,0.3,2.75,596.3,0,0,0,0,0,0.5,0.2,482,10.99,28,-182.9
0.53,0.53,5.25,350,0,0,0,0,0,0,0,0,0,28,-180.7
0.32,0.296,3.77,453,7.95,0,0,0,0,7.73,0,0,0,28,-178.6
0.3,0.3,0,533,0,0,0,0,0,0,0,0,0,28,-175.5
0.38,0.38,3.69,468,0,0,0,0,0,1,0.6,125,10,28,-172.9
0.84,0.42,8.72,200,0,0,100,0,0,1.8,0,0,0,28,-172.7
0.42,0.358,4.85,374,0,17.46,0,0,0,0,0,0,0,28,-172.4
0.42,0.359,4.15,415,0,17.14,0,0,0,0,0,0,0,28,-169.1
0.32,0.32,3.15,525,0,0,0,0,0,1.8,0,0,0,28,-169
0.44,0.308,4.72,350,0,42.86,0,0,0,0,0,0,0,28,-167.7
0.39,0.39,4.06,450,0,0,0,0,0,1.31,0,0,0,28,-166.7
0.3,0.274,3.28,530,9.62,0,0,0,0,1.43,0,0,0,28,-163.6
0.4,0.34,5.04,368,0,17.74,0,0,0,0,0,0,0,28,-163.4
0.33,0.33,3.45,512,0,0,0,0,0,0.7,0.26,137,20,28,-162.1
0.3,0.3,2.75,588.6,0,0,0,0,0,0.5,0.4,482,10.99,28,-161.7
0.4,0.4,3.63,450,0,0,0,0,0,0.1,0,0,0,28,-161
0.41,0.348,4.39,403,0,17.65,0,0,0,0,0,0,0,28,-156
0.3,0.273,3.69,490,10,0,0,0,0,1.76,0,0,0,28,-151.8
0.26,0.26,3.7,496,0,0,0,0,0,1.81,0,0,0,28,-151
0.26,0.26,3.7,496,0,0,0,0,0,0,0,0,0,28,-150.2
0.44,0.352,4.73,360,0,25,0,0,0,0,0,0,0,28,-149.5
0.376,0.35,3.58,473,5.3,0,0,0,0,1.34,0,0,0,28,-149
0.3,0.27,1.74,700,10,0,0,0,0,1.8,0.6,586,20,28,-148.5
0.35,0.332,3.58,471,5.31,0,0,0,0,0,0,0,0,28,-148.2
0.44,0.352,4.73,360,0,25,0,0,0,9.72,0,0,0,28,-148
0.65,0.65,7.96,250,0,0,0,0,0,0.25,0,0,0,28,-146.2
0.44,0.44,3.7,450,0,0,0,0,0,3,0,0,0,28,-143.1
0.6,0.42,6.24,280,0,0,42.9,0,0,1.8,0,0,0,28,-138.5
0.3,0.3,3.6,497,0,0,0,0,0,0,0,0,0,28,-137.6
0.3,0.274,3.28,530,9.62,0,0,0,0,1.43,0,0,0,28,-136.1
0.37,0.336,4.06,440,10,0,0,0,0,1.02,0,0,0,28,-134
0.3,0.3,3.6,497,0,0,0,0,0,1.45,0,0,0,28,-134
0.3,0.273,3.69,490,10,0,0,0,0,1.76,0,0,0,28,-133.6
0.615,0.4,4.615,325,0,53.8,0,0,0,0.7,0,0,0,28,-133.6
0.34,0.34,3.77,453,0,0,0,0,0,7.73,0,0,0,28,-131.8
0.38,0.352,3.77,453,7.95,0,0,0,0,7.73,0,0,0,28,-131.6
0.39,0.351,4.11,450,11.11,0,0,0,0,2.6,0,0,0,28,-130
0.39,0.351,4.14,424,11.08,0,0,0,0,2,0,0,0,28,-129.4
0.37,0.348,3.94,470,6.38,0,0,0,0,2.08,0,0,0,28,-129.1
0.38,0.38,3.75,455,0,0,0,0,0,7.69,0,0,0,28,-124.7
0.31,0.282,3.56,495,10.1,0,0,0,0,0.93,0,0,0,28,-122
0.37,0.37,3.77,454,0,0,0,0,0,1.8,0,0,0,28,-119
0.31,0.282,3.56,495,10.1,0,0,0,0,0.93,0,0,0,28,-116.5
0.41,0.352,4.35,425,16.47,0,0,0,0,3.14,0,0,0,28,-115.8
0.36,0.328,3.82,445,9.89,0,0,0,0,0.85,0,0,0,28,-113.9
0.35,0.35,3.96,450,0,0,0,0,0,2.5,0,0,0,28,-109.5
0.36,0.328,3.82,445,9.89,0,0,0,0,0.85,0,0,0,28,-106.7
0.5,0.45,5.36,340,11.18,0,0,0,0,1.56,0,0,0,28,-103.9
0.35,0.35,3.7,500,0,0,0,0,0,1.63,0,0,0,28,-103.6
0.4,0.4,3.92,438,0,0,0,0,0,0.6,0,0,0,28,-101.2
0.4,0.4,3.92,438,0,0,0,0,0,0.6,0,0,0,28,-99.3
0.43,0.43,4.33,383,0,0,0,0,42.5,3.58,0,0,0,28,-97.7
0.3,0.3,0,533,0,0,0,0,0,0,0,0,0,28,-97.6
0.42,0.42,4.3875,400,0,0,0,0,0,1.8,0,0,0,28,-97
0.3,0.3,2.75,591.7,0,0,0,0,0,0.5,0.4,166,8.75,28,-88.5
0.37,0.353,4,430,4.88,0,0,0,0,0.6,0,0,0,28,-82.8
0.56,0.56,4.57,350,0,0,0,0,0,1.43,0,0,0,28,-80.1
0.32,0.305,4.12,455,5.05,0,0,0,0,1.12,0,0,0,28,-78.7
0.5,0.5,5.09,350,0,0,0,0,0,0.3,0,0,0,28,-78.4
0.5,0.5,5.09,350,0,0,0,0,0,0.3,0,0,0,28,-77
0.32,0.305,4.12,455,5.05,0,0,0,0,1.12,0,0,0,28,-76.3
0.37,0.336,4.06,440,10,0,0,0,0,1.02,0,0,0,28,-75.9
0.5,0.35,7.09,266,0,42.85,0,0,0,0.6,0,0,0,28,-74.8
0.3,0.3,2.75,586.2,0,0,0,0,0,0.5,0.4,535,12.7,28,-70.9
0.35,0.35,3.96,450,0,0,0,0,0,2.5,0,0,0,28,-69
0.35,0.35,3.96,450,0,0,0,0,0,2.5,0,0,0,28,-68.6
0.32,0.305,4.12,455,5.05,0,0,0,0,1.12,0,0,0,28,-66.2
0.3,0.3,2.75,588.6,0,0,0,0,0,0.5,0.6,482,10.99,28,-63.6
0.35,0.35,3.96,450,0,0,0,0,0,2.5,0,0,0,28,-62.5
0.6,0.6,6.43,292,0,0,0,0,0,0.3,0,0,0,28,-59.4
0.643,0.45,9,217,0,42.85,0,0,0,0.65,0,0,0,28,-57.9
0.65,0.43,5.86,283,0,0,0,0,67.8,1.23,0,0,0,28,-57.8
0.6,0.6,6.43,292,0,0,0,0,0,0.1,0,0,0,28,-57.6
0.44,0.44,4.84,375,0,0,0,0,0,0,0,0,0,28,-56.7
0.37,0.336,4.06,440,10,0,0,0,0,1.02,0,0,0,28,-56.4
0.74,0.4,10.48,183.6,0,0,0,57.4,27.8,0.1,0,0,0,28,-54.6
0.4,0.4,5.26,360,0,0,0,0,0,0.6,0,0,0,28,-50.6
0.5,0.5,4.66,370,0,0,0,0,0,0,0,0,0,28,-50.3
0.5,0.5,4.66,370,0,0,0,0,0,9.46,0,0,0,28,-48.9
0.58,0.58,7.15,275,0,0,0,0,0,0,0,0,0,28,-42.3
0.35,0.35,3.5,498,0,0,0,0,0,0,0,0,0,28,-40
0.35,0.35,3.5,498,0,0,0,0,0,0.82,0,0,0,28,-40
0.926,0.5,11.56,167.4,0,0,0,57.4,27.8,1,0,0,0,28,-38.8
0.63,0.504,5.74,296,0,25,0,0,0,0,0,0,0,28,-35.1
0.63,0.504,5.74,296,0,25,0,0,0,11.82,0,0,0,28,-33.9
0.69,0.69,7.04,275,0,0,0,0,0,0,0,0,0,28,-32.9
0.47,0.47,4.5,385,0,0,0,0,0,0,0,0,0,28,-31.6
0.5,0.5,6.24,310,0,0,0,0,0,0.02,0,0,0,28,-30.3
0.3,0.3,2.75,597.3,0,0,0,0,0,0.5,0.4,645,4.82,28,-29.9
0.42,0.42,4.32,418,0,0,0,0,0,0,0,0,0,28,-16.9
0.47,0.47,4.5,385,0,0,0,0,0,0,0,0,0,28,-7.2
0.47,0.47,4.5,385,0,0,0,0,0,0,0,0,0,28,-5.6
0.86,0.86,4.75,457,0,0,0,0,0,0,0,0,0,28,-4.1
0.59,0.59,5.67,320,0,0,0,0,0,0,0,0,0,28,-0.3
0.285,0.26,3.83,471,5.3,0,0,0,0,1.78,0,0,0,28,0
0.75,0.75,4.75,425,0,0,0,0,0,0,0,0,0,28,0.9
0.45,0.45,4.53,357,0,0,0,0,55.71,0,0,0,0,28,1.2
0.55,0.55,4.75,323,0,0,0,0,0,0,0,0,0,28,6.2
0.58,0.58,4.75,337,0,0,0,0,0,0,0,0,0,28,8.7
0.3,0.27,1.74,700,10,0,0,0,0,1.8,0.3,130,20,28,11.8
0.46,0.46,3.73,452,0,0,0,0,0,0,0,0,0,28,15
0.8,0.8,4.75,405,0,0,0,0,0,0,0,0,0,28,17.6
0.4,0.4,4.75,267,0,0,0,0,0,0,0,0,0,28,19.1
0.59,0.59,5.67,320,0,0,0,0,0,0,0,0,0,28,25.8
0.45,0.45,4.75,291,0,0,0,0,0,0,0,0,0,28,27.1
0.63,0.63,4.75,387,0,0,0,0,0,0,0,0,0,28,27.1
0.46,0.46,3.73,452,0,0,0,0,0,0,0,0,0,28,29
0.5,0.5,4.75,311,0,0,0,0,0,0,0,0,0,28,30.1
0.55,0.55,4.75,360,0,0,0,0,0,0,0,0,0,28,31.8
0.46,0.46,3.73,452,0,0,0,0,0,0,0,0,0,28,35
0.76,0.76,4.75,383,0,0,0,0,0,0,0,0,0,28,35.1
0.8,0.8,4.75,389,0,0,0,0,0,0,0,0,0,28,36.9
0.48,0.48,4.75,292,0,0,0,0,0,0,0,0,0,28,39.9
0.54,0.54,4.75,326,0,0,0,0,0,0,0,0,0,28,48.6
0.67,0.67,4.75,366,0,0,0,0,0,0,0,0,0,28,54.3
0.62,0.62,4.75,344,0,0,0,0,0,0,0,0,0,28,61.5
0.67,0.67,4.75,351,0,0,0,0,0,0,0,0,0,28,62
0.56,0.56,4.75,317,0,0,0,0,0,0,0,0,0,28,63.3
0.46,0.46,3.73,452,0,0,0,0,0,0,0,0,0,28,70
0.3,0.27,1.74,700,10,0,0,0,0,1.8,0.6,130,20,28,173.8
0.25,0.25,0,1762,0,0,0,0,0,0,0.7,200,13,28,233.6
0.3,0.25,0,1440,20,0,0,0,0,0.8,0.3,200,35,28,828.1
0.3,0.25,0,1440,20,0,0,0,0,0.8,0.4,200,35,28,1048.3
